name,position,team,ecr_1qb,ecr_2qb,value_1qb,value_2qb,source_date
Ja'Marr Chase,WR,CIN,1,6.4,10256,9034,2026-08-14
Jaxon Smith-Njigba,WR,SEA,2.7,8.8,9854,8538,2026-08-14
Bijan Robinson,RB,ATL,4,12,9558,7920,2026-08-14
Justin Jefferson,WR,MIN,5.7,12.4,9184,7846,2026-08-14
Amon-Ra St. Brown,WR,DET,6,14.1,9119,7539,2026-08-14
Jahmyr Gibbs,RB,DET,6.1,16,9098,7209,2026-08-14
Puka Nacua,WR,LAR,6.2,13.8,9076,7592,2026-08-14
CeeDee Lamb,WR,DAL,6.5,14.7,9013,7433,2026-08-14
Ashton Jeanty,RB,LV,9.5,21.4,8399,6350,2026-08-14
Malik Nabers,WR,NYG,11.4,23.7,8032,6016,2026-08-14
Jeremiyah Love,RB,ARI,11.8,24.6,7957,5890,2026-08-14
Drake London,WR,ATL,15.6,27.2,7277,5541,2026-08-14
Omarion Hampton,RB,LAC,16.7,29.9,7092,5200,2026-08-14
Josh Allen,QB,BUF,16.8,1.1,7075,10232,2026-08-14
Tetairoa McMillan,WR,CAR,17.3,31.1,6992,5056,2026-08-14
James Cook III,RB,BUF,18,31.6,6878,4997,2026-08-14
Garrett Wilson,WR,NYJ,21.2,33.5,6380,4778,2026-08-14
Emeka Egbuka,WR,TB,21.4,34.7,6350,4646,2026-08-14
Jonathan Taylor,RB,IND,21.7,35.1,6306,4602,2026-08-14
Nico Collins,WR,HOU,22,36.1,6261,4495,2026-08-14
Chris Olave,WR,NO,22.6,35.8,6174,4527,2026-08-14
De'Von Achane,RB,MIA,22.8,34.9,6145,4624,2026-08-14
Breece Hall,RB,NYJ,24,35.6,5974,4548,2026-08-14
Brock Bowers,TE,LV,24.8,36.3,5862,4474,2026-08-14
Drake Maye,QB,NE,25,20.9,5835,6425,2026-08-14
A.J. Brown,WR,NE,26.4,38.5,5646,4249,2026-08-14
Trey McBride,TE,ARI,28.1,39.6,5425,4140,2026-08-14
Kenneth Walker III,RB,KC,28.6,42.1,5362,3904,2026-08-14
Carnell Tate,WR,TEN,29.3,42.1,5274,3904,2026-08-14
DeVonta Smith,WR,PHI,30.3,43.7,5152,3760,2026-08-14
Ladd McConkey,WR,LAC,31.3,43.8,5032,3751,2026-08-14
George Pickens,WR,DAL,31.5,34.4,5008,4678,2026-08-14
Lamar Jackson,QB,BAL,31.7,5.7,4985,9184,2026-08-14
Jayden Daniels,QB,WAS,33.1,13.8,4824,7592,2026-08-14
Marvin Harrison Jr.,WR,ARI,35.3,44,4581,3734,2026-08-14
Luther Burden III,WR,CHI,35.8,48,4527,3399,2026-08-14
Jaylen Waddle,WR,DEN,35.9,47.8,4516,3415,2026-08-14
Patrick Mahomes II,QB,KC,36.3,8.5,4474,8599,2026-08-14
Zay Flowers,WR,BAL,36.7,46.5,4432,3521,2026-08-14
Christian McCaffrey,RB,SF,37.4,48.1,4360,3391,2026-08-14
Colston Loveland,TE,CHI,37.6,50.9,4340,3175,2026-08-14
Rome Odunze,WR,CHI,37.9,50.6,4309,3197,2026-08-14
Chase Brown,RB,CIN,39.4,52.4,4160,3065,2026-08-14
Jordyn Tyson,WR,NO,40.9,53.1,4016,3015,2026-08-14
Joe Burrow,QB,CIN,41.6,9.5,3950,8399,2026-08-14
Rashee Rice,WR,KC,41.9,54.5,3922,2917,2026-08-14
Makai Lemon,WR,PHI,42.8,55.8,3840,2829,2026-08-14
Sam LaPorta,TE,DET,43.1,52.5,3813,3058,2026-08-14
Tee Higgins,WR,CIN,44.4,53.7,3699,2973,2026-08-14
Tyler Warren,TE,IND,44.5,57.5,3690,2719,2026-08-14
Jalen Hurts,QB,PHI,45.2,12.3,3630,7864,2026-08-14
Caleb Williams,QB,CHI,46.7,10.1,3504,8282,2026-08-14
TreVeyon Henderson,RB,NE,48.9,61,3328,2504,2026-08-14
Justin Herbert,QB,LAC,48.9,12.9,3328,7754,2026-08-14
Saquon Barkley,RB,PHI,49.4,65.2,3289,2269,2026-08-14
Tucker Kraft,TE,GB,50.9,63.4,3175,2367,2026-08-14
Travis Etienne Jr.,RB,NO,52.5,65,3058,2279,2026-08-14
Jameson Williams,WR,DET,54.6,66.3,2910,2211,2026-08-14
Quinshon Judkins,RB,CLE,54.6,66.3,2910,2211,2026-08-14
Harold Fannin Jr.,TE,CLE,54.9,66.8,2890,2185,2026-08-14
Kyren Williams,RB,LAR,55.1,72.3,2876,1920,2026-08-14
Kyle Pitts Sr.,TE,ATL,57,74.3,2751,1832,2026-08-14
Trevor Lawrence,QB,JAC,57.5,20.9,2719,6425,2026-08-14
Brian Thomas Jr.,WR,JAC,60.6,71.9,2528,1938,2026-08-14
DJ Moore,WR,BUF,64,88.1,2334,1324,2026-08-14
DK Metcalf,WR,PIT,65.5,96.3,2253,1092,2026-08-14
Christian Watson,WR,GB,66.7,78.1,2190,1675,2026-08-14
Jaxson Dart,QB,NYG,67,20.1,2175,6547,2026-08-14
Dalton Kincaid,TE,BUF,68.3,79.1,2109,1636,2026-08-14
Bucky Irving,RB,TB,68.6,79.9,2094,1606,2026-08-14
Brock Purdy,QB,SF,68.7,25,2090,5835,2026-08-14
Javonte Williams,RB,DAL,70.7,82,1994,1529,2026-08-14
Cam Skattebo,RB,NYG,71.1,82.4,1975,1514,2026-08-14
Bo Nix,QB,DEN,71.3,21.5,1966,6335,2026-08-14
Jadarian Price,RB,SEA,71.3,82.8,1966,1500,2026-08-14
Terry McLaurin,WR,WAS,73.7,84.4,1858,1445,2026-08-14
KC Concepcion,WR,CLE,74.3,84.9,1832,1428,2026-08-14
Michael Pittman Jr.,WR,PIT,74.6,112.5,1819,746,2026-08-14
Alec Pierce,WR,IND,75.5,86.7,1781,1369,2026-08-14
Kenyon Sadiq,TE,NYJ,77,87.9,1719,1331,2026-08-14
Jordan Addison,WR,MIN,81.1,92.9,1561,1183,2026-08-14
Derrick Henry,RB,BAL,81.5,94,1547,1153,2026-08-14
C.J. Stroud,QB,HOU,82.2,38.4,1521,4259,2026-08-14
Josh Jacobs,RB,GB,85.1,97.9,1421,1052,2026-08-14
Bhayshul Tuten,RB,JAC,85.2,98,1418,1050,2026-08-14
Dak Prescott,QB,DAL,85.7,31.4,1401,5020,2026-08-14
Parker Washington,WR,JAC,85.8,98.1,1398,1047,2026-08-14
D'Andre Swift,RB,CHI,89.2,102.9,1291,935,2026-08-14
Eli Stowers,TE,PHI,89.9,101,1270,978,2026-08-14
Michael Wilson,WR,ARI,91.6,105,1220,890,2026-08-14
Isaiah Likely,TE,NYG,92.6,105.2,1192,886,2026-08-14
Jordan Love,QB,GB,93.1,26.3,1178,5659,2026-08-14
Wan'Dale Robinson,WR,TEN,93.2,106.1,1175,868,2026-08-14
Oronde Gadsden II,TE,LAC,94.7,106.2,1134,866,2026-08-14
Jayden Higgins,WR,HOU,94.7,108.1,1134,828,2026-08-14
Jonathon Brooks,RB,CAR,96.4,141.3,1090,379,2026-08-14
Omar Cooper Jr.,WR,NYJ,96.5,108.3,1087,824,2026-08-14
Davante Adams,WR,LAR,96.5,109.1,1087,809,2026-08-14
Josh Downs,WR,IND,97,109.4,1075,803,2026-08-14
Denzel Boston,WR,CLE,97.9,110.1,1052,790,2026-08-14
David Montgomery,RB,HOU,99.6,112.7,1011,743,2026-08-14
Courtland Sutton,WR,DEN,99.7,113,1008,738,2026-08-14
Mike Evans,WR,SF,100.7,113.6,985,727,2026-08-14
Xavier Worthy,WR,KC,102.5,114,944,721,2026-08-14
RJ Harvey,RB,DEN,104.7,117,897,672,2026-08-14
Jared Goff,QB,DET,105,45.2,890,3630,2026-08-14
Quentin Johnston,WR,LAC,105.7,117.8,876,659,2026-08-14
Jayden Reed,WR,GB,106.1,118,868,656,2026-08-14
George Kittle,TE,SF,106.2,117.4,866,665,2026-08-14
Jake Ferguson,TE,DAL,106.4,117.5,862,664,2026-08-14
Jakobi Meyers,WR,JAC,107,119,849,641,2026-08-14
Brenton Strange,TE,JAC,110.8,121.9,777,599,2026-08-14
Matthew Golden,WR,GB,112.3,123.5,750,576,2026-08-14
Jaylen Warren,RB,PIT,112.5,124.1,746,568,2026-08-14
Chris Godwin Jr.,WR,TB,112.6,123.8,745,572,2026-08-14
Fernando Mendoza,QB,LV,112.6,53.3,745,3001,2026-08-14
Ricky Pearsall,WR,SF,113.1,124.4,736,564,2026-08-14
Baker Mayfield,QB,TB,113.7,55.7,726,2836,2026-08-14
Kyle Monangai,RB,CHI,117,128.5,672,513,2026-08-14
Cam Ward,QB,TEN,120.4,60.7,620,2522,2026-08-14
Blake Corum,RB,LAR,121.2,132.2,608,470,2026-08-14
Zach Charbonnet,RB,SEA,123,133.5,583,456,2026-08-14
Romeo Doubs,WR,NE,124.6,134.9,562,441,2026-08-14
Jalen Coker,WR,CAR,125,135,556,440,2026-08-14
Khalil Shakir,WR,BUF,125.7,135.7,547,433,2026-08-14
Tyler Shough,QB,NO,126.9,67.1,532,2170,2026-08-14
Travis Hunter,WR,JAC,127.2,136.4,528,426,2026-08-14
Antonio Williams,WR,WAS,129.7,138.6,498,404,2026-08-14
Kyler Murray,QB,MIN,130.2,51.2,492,3152,2026-08-14
Rhamondre Stevenson,RB,NE,130.5,140.7,489,385,2026-08-14
Brandon Aiyuk,WR,SF,132.3,138.2,469,408,2026-08-14
Chuba Hubbard,RB,CAR,132.7,143.1,464,364,2026-08-14
Mark Andrews,TE,BAL,135.7,144.6,433,351,2026-08-14
Rico Dowdle,RB,PIT,135.8,145.5,432,344,2026-08-14
Sam Darnold,QB,SEA,135.9,80.3,431,1591,2026-08-14
Chig Okonkwo,TE,WAS,136.5,145.5,425,344,2026-08-14
Dallas Goedert,TE,PHI,136.8,145.9,422,341,2026-08-14
Malik Willis,QB,MIA,138.2,83.4,408,1479,2026-08-14
Tre' Harris,WR,LAC,140.4,149.8,388,311,2026-08-14
Matthew Stafford,QB,LAR,140.9,88.6,383,1309,2026-08-14
Tank Dell,WR,HOU,141.1,211.2,381,73,2026-08-14
De'Zhaun Stribling,WR,SF,141.2,150.3,380,307,2026-08-14
Tyreek Hill,WR,FA,142.6,148.3,368,322,2026-08-14
Tony Pollard,RB,TEN,143.7,152.6,359,291,2026-08-14
Jonah Coleman,RB,DEN,143.7,151.8,359,296,2026-08-14
Chris Bell,WR,MIA,144.2,152.6,354,291,2026-08-14
Rashid Shaheed,WR,SEA,146.5,154.7,336,277,2026-08-14
Daniel Jones,QB,IND,147.5,93.5,328,1167,2026-08-14
Bryce Young,QB,CAR,148.3,95,322,1126,2026-08-14
Kenny Gainwell,RB,TB,149.6,157.5,312,259,2026-08-14
Terrance Ferguson,TE,LAR,150.2,157.9,308,257,2026-08-14
Jalen McMillan,WR,TB,150.2,159,308,250,2026-08-14
AJ Barner,TE,SEA,151.5,158.7,299,252,2026-08-14
Stefon Diggs,WR,WAS,152.3,159.9,293,245,2026-08-14
Germie Bernard,WR,PIT,154,162,281,233,2026-08-14
Jauan Jennings,WR,MIN,156,163.6,269,225,2026-08-14
Juwan Johnson,TE,NO,157.7,164.7,258,219,2026-08-14
Ty Simpson,QB,LAR,157.7,106.6,258,858,2026-08-14
Rachaad White,RB,WAS,157.8,164.7,257,219,2026-08-14
J.K. Dobbins,RB,DEN,158.7,166.2,252,211,2026-08-14
Travis Kelce,TE,KC,158.7,165.9,252,213,2026-08-14
Anthony Richardson Sr.,QB,IND,160.3,110,243,792,2026-08-14
T.J. Hockenson,TE,MIN,161.6,168.2,235,202,2026-08-14
Jacory Croskey-Merritt,RB,WAS,161.7,169.1,235,197,2026-08-14
Jaylin Noel,WR,HOU,162.5,169.2,231,197,2026-08-14
Tyler Allgeier,RB,ARI,163.9,170.1,223,193,2026-08-14
Tyrone Tracy Jr.,RB,NYG,166.1,173,212,180,2026-08-14
Woody Marks,RB,HOU,166.4,172.5,210,182,2026-08-14
Jerry Jeudy,WR,CLE,170.3,177.2,192,163,2026-08-14
Jordan Mason,RB,MIN,170.8,177,190,164,2026-08-14
Nicholas Singleton,RB,TEN,171.9,178.1,185,160,2026-08-14
Elijah Sarratt,WR,BAL,172.2,178.2,184,159,2026-08-14
Adonai Mitchell,WR,NYJ,173.4,179.2,178,156,2026-08-14
Deebo Samuel Sr.,WR,SF,173.6,180.6,178,151,2026-08-14
Hunter Henry,TE,NE,174.5,180.1,174,152,2026-08-14
Troy Franklin,WR,DEN,176.1,182.7,167,143,2026-08-14
Gunnar Helm,TE,TEN,177.2,182.4,163,144,2026-08-14
Ted Hurst III,WR,TB,177.5,181.9,162,146,2026-08-14
Pat Bryant,WR,DEN,178.5,183.9,158,139,2026-08-14
Michael Penix Jr.,QB,ATL,178.6,122.9,158,585,2026-08-14
Zachariah Branch,WR,ATL,178.6,182.5,158,144,2026-08-14
Kayshon Boutte,WR,NE,179.1,184.7,156,137,2026-08-14
Emmett Johnson,RB,KC,179.2,184.8,156,137,2026-08-14
Dylan Sampson,RB,CLE,181.6,187,147,130,2026-08-14
Isaac TeSlaa,WR,DET,183.7,188.7,140,125,2026-08-14
Chris Rodriguez Jr.,RB,JAC,186.2,190.5,132,119,2026-08-14
Ja'Kobi Lane,WR,BAL,189.1,194.4,123,109,2026-08-14
Jalen Nailor,WR,LV,190.5,195.3,119,107,2026-08-14
Malachi Fields,WR,NYG,193.2,196.9,112,103,2026-08-14
Aaron Jones Sr.,RB,MIN,193.4,198.3,112,99,2026-08-14
Mason Taylor,TE,NYJ,193.5,197.9,111,100,2026-08-14
Dalton Schultz,TE,HOU,193.8,197.5,110,101,2026-08-14
Tua Tagovailoa,QB,ATL,195.6,101.3,106,971,2026-08-14
Max Klare,TE,LAR,195.6,198.5,106,99,2026-08-14
Oscar Delp,TE,NO,195.8,198.3,105,99,2026-08-14
Tyjae Spears,RB,TEN,196.3,200.7,104,94,2026-08-14
Chris Brazzell II,WR,CAR,196.7,200.8,103,94,2026-08-14
Eli Raridon,TE,NE,197.5,200.2,101,95,2026-08-14
Skyler Bell,WR,BUF,198.2,200.8,100,94,2026-08-14
Greg Dulcich,TE,MIA,198.3,201.7,99,92,2026-08-14
Kaytron Allen,RB,WAS,199.4,201.9,97,91,2026-08-14
Elic Ayomanor,WR,TEN,200.1,203.5,95,88,2026-08-14
Jack Bech,WR,LV,201.5,205.4,92,84,2026-08-14
Isiah Pacheco,RB,DET,201.7,206.3,92,82,2026-08-14
J.J. McCarthy,QB,MIN,204.1,137.9,87,411,2026-08-14
Chimere Dike,WR,TEN,204.6,209.2,86,77,2026-08-14
Pat Freiermuth,TE,PIT,205.2,208.5,85,78,2026-08-14
Mike Washington Jr.,RB,LV,205.4,206.6,84,82,2026-08-14
Tank Bigsby,RB,PHI,205.5,208.9,84,77,2026-08-14
Braelon Allen,RB,NYJ,205.6,208,84,79,2026-08-14
Keaton Mitchell,RB,LAC,205.8,207,83,81,2026-08-14
Tory Horton,WR,SEA,207.2,209.7,81,76,2026-08-14
Cade Otton,TE,TB,207.4,209.7,80,76,2026-08-14
Shedeur Sanders,QB,CLE,207.5,151.2,80,301,2026-08-14
David Njoku,TE,LAC,208.2,211.5,79,73,2026-08-14
Ryan Flournoy,WR,DAL,211.3,212.3,73,72,2026-08-14
Dontayvion Wicks,WR,PHI,215,217.4,67,63,2026-08-14
Elijah Arroyo,TE,SEA,216.2,218.1,65,62,2026-08-14
Calvin Ridley,WR,TEN,217.6,220.9,63,58,2026-08-14
Jacoby Brissett,QB,ARI,217.7,158.5,63,253,2026-08-14
Keon Coleman,WR,BUF,219.2,220.6,61,59,2026-08-14
Tre Tucker,WR,LV,219.6,220.6,60,59,2026-08-14
Darnell Mooney,WR,NYG,219.9,222.5,60,56,2026-08-14
Brian Robinson Jr.,RB,ATL,220.1,220.6,60,59,2026-08-14
Kyle Williams,WR,NE,220.2,223,59,56,2026-08-14
Alvin Kamara,RB,NO,221.1,221,58,58,2026-08-14
Mac Jones,QB,SF,225.1,168.3,53,201,2026-08-14
Bryce Lance,WR,NO,225.6,227.2,52,50,2026-08-14
Rashod Bateman,WR,BAL,225.8,227.6,52,50,2026-08-14
Malik Washington,WR,MIA,226.6,225.4,51,53,2026-08-14
Aaron Rodgers,QB,PIT,226.8,157.8,51,257,2026-08-14
Geno Smith,QB,NYJ,228.2,158.4,49,254,2026-08-14
Kimani Vidal,RB,LAC,229.8,228.6,47,49,2026-08-14
Demond Claiborne,RB,MIN,232.4,228,45,49,2026-08-14
Marvin Mims Jr.,WR,DEN,232.6,234,44,43,2026-08-14
Kaleb Johnson,RB,PIT,233.4,227.8,44,50,2026-08-14
Justin Joly,TE,DEN,236.5,230.8,41,46,2026-08-14
Theo Johnson,TE,NYG,237.6,232.9,39,44,2026-08-14
Christian Kirk,WR,SF,237.8,233.7,39,43,2026-08-14
Michael Mayer,TE,LV,239.8,234.1,37,43,2026-08-14
Ollie Gordon II,RB,MIA,240,236.7,37,40,2026-08-14
Caleb Douglas,WR,MIA,241.1,237.5,36,40,2026-08-14
Ray Davis,RB,BUF,243,237.3,35,40,2026-08-14
Trey Benson,RB,ARI,243,234.5,35,42,2026-08-14
Carson Beck,QB,ARI,245.3,169.5,33,196,2026-08-14
Emanuel Wilson,RB,SEA,246.5,238,32,39,2026-08-14
Sean Tucker,RB,TB,248.6,239.6,30,38,2026-08-14
Tez Johnson,WR,TB,251.2,242.8,29,35,2026-08-14
MarShawn Lloyd,RB,GB,252.7,244.4,28,34,2026-08-14
Xavier Legette,WR,CAR,253.7,246.1,27,32,2026-08-14
DeMario Douglas,WR,NE,253.9,248.6,27,30,2026-08-14
James Conner,RB,ARI,254.6,243.8,26,34,2026-08-14
Deshaun Watson,QB,CLE,256.5,221.8,25,57,2026-08-14
Cooper Kupp,WR,SEA,257.8,250.6,25,29,2026-08-14
Brenen Thompson,WR,LAC,258.2,251.9,24,28,2026-08-14
Justin Fields,QB,KC,258.5,204.8,24,85,2026-08-14
Cedric Tillman,WR,CLE,260,249.4,23,30,2026-08-14
Devin Neal,RB,NO,260.1,247.8,23,31,2026-08-14
Kaelon Black,RB,SF,262.2,247.9,22,31,2026-08-14
Jaylen Wright,RB,MIA,263.4,250.3,22,29,2026-08-14
Cyrus Allen,WR,KC,264.5,249.7,21,30,2026-08-14
Colby Parkinson,TE,LAR,266.9,250.5,20,29,2026-08-14
Jaydon Blue,RB,DAL,267.3,250.1,20,29,2026-08-14
Hollywood Brown,WR,PHI,267.4,255,20,26,2026-08-14
Kevin Coleman Jr.,WR,MIA,268.7,262.5,19,22,2026-08-14
Jake Tonges,TE,SF,270.1,259.7,18,23,2026-08-14
Kirk Cousins,QB,LV,270.2,239.4,18,38,2026-08-14
Keenan Allen,WR,LAC,271.8,259.4,18,24,2026-08-14
Darnell Washington,TE,PIT,272.6,259.8,17,23,2026-08-14
Devaughn Vele,WR,NO,272.8,256.4,17,25,2026-08-14
Evan Engram,TE,DEN,273.5,259.5,17,24,2026-08-14
Jalen Royals,WR,KC,275.4,260,16,23,2026-08-14
Jalen Milroe,QB,SEA,276.6,245.2,16,33,2026-08-14
Jordan James,RB,SF,276.9,256.7,16,25,2026-08-14
Isaiah Bond,WR,CLE,278.7,263.8,15,21,2026-08-14
Adam Randall,RB,BAL,281,258.3,14,24,2026-08-14
Drew Allar,QB,PIT,283.8,249.5,13,30,2026-08-14
Seth McGowan,RB,IND,286.1,263,13,22,2026-08-14
Cade Klubnik,QB,NYJ,288.1,223.8,12,55,2026-08-14
Cole Kmet,TE,CHI,288.7,267.1,12,20,2026-08-14
Quinn Ewers,QB,MIA,289.9,225,12,53,2026-08-14
Mike Gesicki,TE,CIN,290.5,270.8,11,18,2026-08-14
Jarquez Hunter,RB,LAR,290.7,264.7,11,21,2026-08-14
Ja'Tavion Sanders,TE,CAR,291.8,272.2,11,18,2026-08-14
Marcus Mariota,QB,WAS,291.8,292.3,11,11,2026-08-14
Isaiah Davis,RB,NYJ,292.1,264.9,11,21,2026-08-14
DJ Giddens,RB,IND,293.6,267.5,11,20,2026-08-14
Najee Harris,RB,LAC,294.8,267.8,10,19,2026-08-14
Brashard Smith,RB,KC,295,269.1,10,19,2026-08-14
Ben Sinnott,TE,WAS,295.7,274.5,10,17,2026-08-14
Jalen Tolbert,WR,MIA,296.4,280.8,10,14,2026-08-14
Tyquan Thornton,WR,KC,298.3,279.1,9,15,2026-08-14
Darius Slayton,WR,NYG,298.6,276.4,9,16,2026-08-14
Taylen Green,QB,CLE,299,279,9,15,2026-08-14
Andrei Iosivas,WR,CIN,299.1,280.3,9,14,2026-08-14
Eli Heidenreich,RB,PIT,300.8,273.1,9,17,2026-08-14
Garrett Nussmeier,QB,KC,301.4,252.8,9,28,2026-08-14
Jameis Winston,QB,NYG,302.9,290.7,9,11,2026-08-14
Will Howard,QB,PIT,305.1,276,8,16,2026-08-14
Cole Payton,QB,PHI,305.2,295.3,8,10,2026-08-14
Kendre Miller,RB,NO,306.2,274.3,8,17,2026-08-14
Jerome Ford,RB,WAS,308.4,275.8,7,16,2026-08-14
Joshua Palmer,WR,BUF,310.1,281.2,7,14,2026-08-14
Matt Hibner,TE,BAL,310.6,280.4,7,14,2026-08-14
Chris Brooks,RB,GB,311.2,277.4,7,15,2026-08-14
Trevor Etienne,RB,CAR,311.6,277.3,7,16,2026-08-14
Devin Singletary,RB,NYG,312.8,276.3,7,16,2026-08-14
George Holani,RB,SEA,313,282.3,7,14,2026-08-14
Sam Roush,TE,CHI,313.7,286.6,7,12,2026-08-14
Malik Davis,RB,DAL,313.8,288,7,12,2026-08-14
Tyson Bagent,QB,CHI,314.1,222.7,7,56,2026-08-14
Tahj Brooks,RB,CIN,314.7,278.6,6,15,2026-08-14
Marlin Klein,TE,HOU,314.9,282.1,6,14,2026-08-14
LeQuint Allen Jr.,RB,JAC,315.7,284.6,6,13,2026-08-14
Isaac Guerendo,RB,SF,315.9,280.8,6,14,2026-08-14
Will Shipley,RB,PHI,316.8,281.8,6,14,2026-08-14
CJ Daniels,WR,LAR,317.5,289.9,6,12,2026-08-14
Luke McCaffrey,WR,WAS,319.1,292.5,6,11,2026-08-14
Joe Milton III,QB,DAL,319.9,238.3,6,39,2026-08-14
Justice Hill,RB,BAL,323.3,287.4,5,12,2026-08-14
Spencer Rattler,QB,NO,323.5,342.7,5,3,2026-08-14
Michael Trigg,TE,DAL,325,291.8,5,11,2026-08-14
Tanner Koziol,TE,JAC,325.4,294.5,5,10,2026-08-14
Calvin Austin III,WR,NYG,325.4,295.1,5,10,2026-08-14
Tanner McKee,QB,PHI,326.1,336,5,4,2026-08-14
Riley Leonard,QB,IND,329.8,341,5,3,2026-08-14
Konata Mumpfield,WR,LAR,330.6,299.4,4,9,2026-08-14
Joe Flacco,QB,CIN,331.1,344.7,4,3,2026-08-14
Audric Estime,RB,NO,331.4,292.6,4,11,2026-08-14
Malik Benson,WR,LV,332.1,302,4,9,2026-08-14
Roman Hemby,RB,LV,334.8,293.7,4,11,2026-08-14
Joe Mixon,RB,FA,334.8,300.4,4,9,2026-08-14
J'Mari Taylor,RB,JAC,335.1,298.5,4,9,2026-08-14
Jaylin Lane,WR,WAS,335.6,304.3,4,8,2026-08-14
Charlie Kolar,TE,LAC,339.9,309.4,4,7,2026-08-14
Zavion Thomas,WR,CHI,340,303,4,8,2026-08-14
Mitchell Evans,TE,CAR,341,312,3,7,2026-08-14
John Metchie III,WR,CAR,341.8,307.6,3,8,2026-08-14
Jack Endries,TE,CIN,341.9,308.9,3,7,2026-08-14
Dont'e Thornton Jr.,WR,LV,342.9,309.4,3,7,2026-08-14
Noah Gray,TE,KC,344.1,307.8,3,8,2026-08-14
Jaleel McLaughlin,RB,DEN,344.4,303.3,3,8,2026-08-14
Dawson Knox,TE,BUF,345,313.8,3,7,2026-08-14
Emari Demercado,RB,KC,346.1,308.2,3,8,2026-08-14
Tyler Higbee,TE,LAR,346.2,310.1,3,7,2026-08-14
Luke Musgrave,TE,GB,346.3,324.8,3,5,2026-08-14
Erick All Jr.,TE,CIN,347,314,3,7,2026-08-14
Noah Fant,TE,NO,347.9,312.3,3,7,2026-08-14
Elijah Higgins,TE,ARI,348.7,345.6,3,3,2026-08-14
Dillon Gabriel,QB,CLE,349,345.9,3,3,2026-08-14
Jordan Whittington,WR,LAR,349.1,318.3,3,6,2026-08-14
Deion Burks,WR,IND,349.1,312.5,3,7,2026-08-14
Joe Royer,TE,CLE,349.1,332.9,3,4,2026-08-14
Kareem Hunt,RB,FA,349.4,326.9,3,5,2026-08-14
Tutu Atwell,WR,MIA,351.2,320.3,3,6,2026-08-14
Ty Johnson,RB,BUF,351.4,337.8,3,4,2026-08-14
Samaje Perine,RB,CIN,351.5,318,3,6,2026-08-14
Jonnu Smith,TE,FA,352.1,338.2,3,4,2026-08-14
Treylon Burks,WR,WAS,352.3,330.5,3,4,2026-08-14
Will Levis,QB,TEN,352.4,349.3,3,3,2026-08-14
Savion Williams,WR,GB,352.9,310.9,3,7,2026-08-14
Davis Mills,QB,HOU,353.1,337,3,4,2026-08-14
Mack Hollins,WR,NE,353.3,330,3,5,2026-08-14
Trey Lance,QB,LAC,353.6,350.5,3,3,2026-08-14
Jam Miller,RB,NE,354.2,328.8,3,5,2026-08-14
Zach Ertz,TE,FA,354.7,333.5,3,4,2026-08-14
Roschon Johnson,RB,CHI,354.7,339.5,3,4,2026-08-14
Robert Henry Jr.,RB,WAS,355,333.6,3,4,2026-08-14
Dallen Bentley,TE,DEN,355.1,341.2,2,3,2026-08-14
Gardner Minshew II,QB,ARI,355.2,352.1,2,3,2026-08-14
Josh Cameron,WR,JAC,355.4,317.3,2,6,2026-08-14
KeAndre Lambert-Smith,WR,LAC,355.7,322.4,2,5,2026-08-14
Nick Chubb,RB,FA,355.7,337.8,2,4,2026-08-14
Ja'Lynn Polk,WR,FA,356.6,342.4,2,3,2026-08-14
Jahan Dotson,WR,ATL,356.8,329.4,2,5,2026-08-14
Bam Knight,RB,ARI,357,341.8,2,3,2026-08-14
Dyami Brown,WR,WAS,357.5,346.2,2,3,2026-08-14
Kendrick Bourne,WR,ARI,357.7,336.2,2,4,2026-08-14
Barion Brown,WR,NO,358,332.4,2,4,2026-08-14
Kenny Pickett,QB,CAR,358.4,355.3,2,2,2026-08-14
Devontez Walker,WR,BAL,358.8,345.2,2,3,2026-08-14
Jeff Caldwell,WR,KC,359.3,341.3,2,3,2026-08-14
Dameon Pierce,RB,PHI,359.4,344.2,2,3,2026-08-14
Terion Stewart,RB,KC,359.7,344.5,2,3,2026-08-14
Raheim Sanders,RB,CLE,359.7,344.5,2,3,2026-08-14
Desmond Reid,RB,FA,359.7,344.5,2,3,2026-08-14
Dae'Quan Wright,TE,CLE,359.9,347.4,2,3,2026-08-14
Brandon Polk,WR,FA,360.1,345.9,2,3,2026-08-14
Jaydn Ott,RB,KC,360.2,345,2,3,2026-08-14
Zach Wilson,QB,NO,360.2,357.1,2,2,2026-08-14
Nate Boerkircher,TE,JAC,360.3,346.4,2,3,2026-08-14
Jimmy Garoppolo,QB,LAR,360.4,357.3,2,2,2026-08-14
Aidan O'Connell,QB,LV,360.7,357.6,2,2,2026-08-14
Tai Felton,WR,MIN,360.8,334.2,2,4,2026-08-14
KaVontae Turpin,WR,DAL,360.8,334.4,2,4,2026-08-14
Tyrod Taylor,QB,GB,360.8,357.7,2,2,2026-08-14
Tyler Conklin,TE,DET,360.9,324,2,5,2026-08-14
Cade Stover,TE,HOU,361.4,347.5,2,3,2026-08-14
Kendrick Law,WR,DET,361.5,323.8,2,5,2026-08-14
Tyren Montgomery,WR,TEN,362.2,348,2,3,2026-08-14
Reggie Virgil,WR,ARI,362.2,343.8,2,3,2026-08-14
Tyler Huntley,QB,BAL,362.2,359.1,2,2,2026-08-14
Carson Wentz,QB,MIN,362.2,359.1,2,2,2026-08-14
Austin Hooper,TE,ATL,362.5,347.8,2,3,2026-08-14
Jake Browning,QB,TB,362.8,359.7,2,2,2026-08-14
Mason Rudolph,QB,PIT,363,359.9,2,2,2026-08-14
Will Kacmarek,TE,MIA,363.2,349.3,2,3,2026-08-14
Grant Calcaterra,TE,PHI,363.4,349.5,2,3,2026-08-14
Michael Carter,RB,TEN,363.5,348.3,2,3,2026-08-14
Jeremy McNichols,RB,WAS,363.7,348.5,2,3,2026-08-14
Colbie Young,WR,CIN,363.9,349.7,2,3,2026-08-14
Darren Waller,TE,CAR,363.9,348.8,2,3,2026-08-14
Phil Mafah,RB,DAL,363.9,348.7,2,3,2026-08-14
Thomas Fidone II,TE,NYG,364,350.1,2,3,2026-08-14
Eric Rivers Jr.,WR,TB,364.2,347.8,2,3,2026-08-14
Haynes King,QB,CAR,364.2,361.1,2,2,2026-08-14
Jarrett Stidham,QB,DEN,364.2,361.1,2,2,2026-08-14
Diego Pavia,QB,FA,364.2,361.1,2,2,2026-08-14
Damien Martinez,RB,GB,364.3,349.1,2,3,2026-08-14
Luke Schoonmaker,TE,DAL,364.5,350.6,2,3,2026-08-14
Olamide Zaccheaus,WR,ATL,364.7,350.5,2,3,2026-08-14
Jared Wiley,TE,KC,364.7,350.8,2,3,2026-08-14
Jawhar Jordan,RB,HOU,365.2,345.2,2,3,2026-08-14
Rasheen Ali,RB,BAL,365.2,350,2,3,2026-08-14
Sam Howell,QB,DAL,365.4,362.3,2,2,2026-08-14
Raheem Mostert,RB,LV,365.5,350.3,2,3,2026-08-14
Xavier Hutchinson,WR,HOU,365.9,351.7,2,3,2026-08-14
Josh Oliver,TE,MIN,366,352.1,2,3,2026-08-14
Josh Cuevas,TE,BAL,366.2,352.3,2,3,2026-08-14
John Michael Gyllenborg,TE,KC,366.2,352.3,2,3,2026-08-14
Nick Westbrook-Ikhine,WR,IND,366.4,352.2,2,3,2026-08-14
Brady Cook,QB,NYJ,366.4,363.3,2,2,2026-08-14
Brevin Jordan,TE,HOU,366.7,352.8,2,3,2026-08-14
Seydou Traore,TE,MIA,366.9,353,2,3,2026-08-14
Carsen Ryan,TE,CLE,367.3,353.4,2,3,2026-08-14
Dean Connors,RB,LAR,367.3,352.1,2,3,2026-08-14
Riley Nowakowski,TE,PIT,367.9,354,2,3,2026-08-14
Jaren Kanak,TE,TEN,368,354.1,2,3,2026-08-14
Antonio Gibson,RB,FA,368,352.8,2,3,2026-08-14
Tommy Tremble,TE,CAR,368.1,354.2,2,3,2026-08-14
CJ Donaldson,RB,NO,368.1,352.9,2,3,2026-08-14
Mitchell Trubisky,QB,TEN,368.2,365.1,2,2,2026-08-14
Noah Whittington,RB,HOU,368.3,353.1,2,3,2026-08-14
Jeremy Ruckert,TE,NYJ,368.4,354.5,2,3,2026-08-14
DeAndre Hopkins,WR,BAL,368.5,354.3,2,3,2026-08-14
Aaron Anderson,WR,FA,368.6,354.4,2,3,2026-08-14
Austin Ekeler,RB,FA,368.7,353.5,2,3,2026-08-14
Joshua Dobbs,QB,DET,369,365.9,2,2,2026-08-14
Jordan Watkins,WR,SF,369.3,355.1,2,2,2026-08-14
Daniel Bellinger,TE,TEN,369.3,355.4,2,2,2026-08-14
Ty Chandler,RB,NO,369.3,354.1,2,3,2026-08-14
Kaden Wetjen,WR,PIT,369.4,355.2,2,2,2026-08-14
Drew Lock,QB,SEA,369.6,366.5,2,2,2026-08-14
Andy Dalton,QB,PHI,370,366.9,2,2,2026-08-14
Tyrell Shavers,WR,BUF,370.3,356.1,2,2,2026-08-14
Chip Trayanum,RB,NYJ,370.3,355.1,2,2,2026-08-14
Cooper Rush,QB,ATL,370.7,367.6,2,2,2026-08-14
Eric McAlister,WR,FA,370.9,356.7,2,2,2026-08-14
Nick Mullens,QB,JAC,370.9,367.8,2,2,2026-08-14
Greg Dortch,WR,DET,371.1,356.9,2,2,2026-08-14
Lil'Jordan Humphrey,WR,DEN,371.1,356.9,2,2,2026-08-14
Kalif Raymond,WR,CHI,371.3,357.1,2,2,2026-08-14
Tyler Badie,RB,DEN,371.3,356.1,2,2,2026-08-14
Daylan Smothers,RB,FA,371.6,356.4,2,2,2026-08-14
Davis Allen,TE,LAR,371.7,357.8,2,2,2026-08-14
Miles Sanders,RB,FA,371.7,356.5,2,2,2026-08-14
Taysom Hill,TE,FA,371.7,357.8,2,2,2026-08-14
Adam Trautman,TE,DEN,372.1,358.2,2,2,2026-08-14
Luke Altmyer,QB,DET,372.2,369.1,2,2,2026-08-14
Kyle McCord,QB,GB,372.4,369.3,2,2,2026-08-14
Dane Key,WR,DEN,372.6,358.4,2,2,2026-08-14
Khalil Herbert,RB,SF,372.9,357.7,2,2,2026-08-14
Kylen Granson,TE,TEN,373,359.1,2,2,2026-08-14
Hunter Long,TE,JAC,373.1,359.2,2,2,2026-08-14
Romello Brinson,WR,FA,373.1,358.9,2,2,2026-08-14
Max Brosmer,QB,MIN,373.2,370.1,2,2,2026-08-14
Julian Hill,TE,NE,373.3,359.4,2,2,2026-08-14
Rahsul Faison,RB,FA,373.6,358.4,2,2,2026-08-14
Harrison Wallace III,WR,ARI,373.8,359.6,2,2,2026-08-14
Efton Chism III,WR,NE,374.3,360.1,2,2,2026-08-14
Kalel Mullings,RB,TEN,374.5,359.3,2,2,2026-08-14
Jackson Hawes,TE,BUF,375,361.1,2,2,2026-08-14
Roman Wilson,WR,PIT,375.1,360.9,2,2,2026-08-14
Mark Fletcher,RB,FA,375.1,359.9,2,2,2026-08-14
Behren Morton,QB,NE,375.2,372.1,2,2,2026-08-14
Jahdae Walker,WR,CHI,375.3,361.1,2,2,2026-08-14
Tanner Hudson,TE,CIN,375.3,361.4,2,2,2026-08-14
Chase Roberts,WR,LV,375.5,361.3,2,2,2026-08-14
Kyle Allen,QB,BUF,375.5,372.4,2,2,2026-08-14
RJ Maryland,TE,GB,375.9,362,2,2,2026-08-14
Kurtis Rourke,QB,SF,376,372.9,2,2,2026-08-14
Alexander Mattison,RB,FA,376.1,360.9,2,2,2026-08-14
Zamir White,RB,SF,376.3,361.1,2,2,2026-08-14
Demarcus Robinson,WR,SF,376.7,362.5,2,2,2026-08-14
Stetson Bennett IV,QB,LAR,376.7,373.6,2,2,2026-08-14
Elijah Mitchell,RB,FA,376.7,361.5,2,2,2026-08-14
Dylan Laube,RB,LV,376.9,361.7,1,2,2026-08-14
Tyler Goodson,RB,ATL,376.9,361.7,1,2,2026-08-14
Jimmy Horn Jr.,WR,CAR,377,362.8,1,2,2026-08-14
Jaheim Bell,TE,PIT,377.2,363.3,1,2,2026-08-14
Darius Cooper,WR,PHI,377.3,363.1,1,2,2026-08-14
Foster Moreau,TE,HOU,377.7,363.8,1,2,2026-08-14
Brandin Cooks,WR,FA,377.9,363.7,1,2,2026-08-14
Cam Akers,RB,FA,378.1,362.9,1,2,2026-08-14
AJ Dillon,RB,CAR,378.5,363.3,1,2,2026-08-14
Jake Briningstool,TE,KC,378.5,364.6,1,2,2026-08-14
Will Dissly,TE,FA,378.7,364.8,1,2,2026-08-14
Jelani Woods,TE,NYJ,379,365.1,1,2,2026-08-14
Luke Lachey,TE,FA,379,365.1,1,2,2026-08-14
Brock Wright,TE,DET,379.5,365.6,1,2,2026-08-14
Stone Smartt,TE,PHI,379.7,365.8,1,2,2026-08-14
Jalin Conyers,TE,FA,379.8,365.9,1,2,2026-08-14
Hendon Hooker,QB,TEN,379.9,376.8,1,1,2026-08-14
Sam Ehlinger,QB,DEN,379.9,376.8,1,1,2026-08-14
Tyler Lockett,WR,LV,380.1,365.9,1,2,2026-08-14
Teddy Bridgewater,QB,FA,380.2,377.1,1,1,2026-08-14
Harrison Bryant,TE,FA,380.8,366.9,1,2,2026-08-14
Elijah Moore,WR,PHI,381.5,367.3,1,2,2026-08-14
Philip Rivers,QB,FA,381.7,378.6,1,1,2026-08-14
Kenny McIntosh,RB,FA,382.1,366.9,1,2,2026-08-14
Patrick Taylor Jr.,RB,SF,382.1,366.9,1,2,2026-08-14
Dorian Thompson-Robinson,QB,FA,382.2,379.1,1,1,2026-08-14
Brandon Allen,QB,NYG,382.2,379.1,1,1,2026-08-14
Jake Bobo,WR,SEA,382.5,368.3,1,2,2026-08-14
Bailey Zappe,QB,NYJ,383,379.9,1,1,2026-08-14
Tommy DeVito,QB,NE,383.5,380.4,1,1,2026-08-14
Quintin Morris,TE,JAC,383.5,369.6,1,2,2026-08-14
Gavin Bartholomew,TE,MIN,383.5,369.6,1,2,2026-08-14
Xavier Restrepo,WR,TEN,383.7,369.5,1,2,2026-08-14
Hassan Haskins,RB,NE,384.4,369.2,1,2,2026-08-14
Luke Farrell,TE,SF,384.5,370.6,1,2,2026-08-14
Desmond Ridder,QB,FA,384.7,381.6,1,1,2026-08-14
Josh Johnson,QB,CIN,385.9,382.8,1,1,2026-08-14
Donovan Edwards,RB,MIA,386.1,370.9,1,2,2026-08-14
Zavier Scott,RB,MIN,386.1,370.9,1,2,2026-08-14
Josh Whyle,TE,GB,386.2,372.3,1,2,2026-08-14
Ashton Dulin,WR,IND,387.1,372.9,1,2,2026-08-14
Theo Wease Jr.,WR,MIA,387.6,373.4,1,2,2026-08-14
Malachi Corley,WR,CLE,388.1,373.9,1,2,2026-08-14
Noah Thomas,WR,CIN,388.6,374.4,1,2,2026-08-14
Zack Moss,RB,FA,388.8,373.6,1,2,2026-08-14
Will Mallory,TE,IND,389,375.1,1,2,2026-08-14
Trey Palmer,WR,NO,389.1,374.9,1,2,2026-08-14
Case Keenum,QB,CHI,389.5,386.4,1,1,2026-08-14
Ameer Abdullah,RB,JAC,389.8,374.6,1,2,2026-08-14
Devin Culp,TE,TB,389.8,375.9,1,2,2026-08-14
Sincere McCormick,RB,SF,390.1,374.9,1,2,2026-08-14
Mo Alie-Cox,TE,IND,390.8,376.9,1,1,2026-08-14
Tip Reiman,TE,ARI,390.8,376.9,1,1,2026-08-14
Curtis Samuel,WR,FA,390.9,376.7,1,2,2026-08-14
Gabe Davis,WR,FA,391.1,376.9,1,1,2026-08-14
Evan Hull,RB,ARI,391.1,375.9,1,2,2026-08-14
Trebor Pena,WR,JAC,391.6,377.4,1,1,2026-08-14
Eric Gray,RB,NYG,391.8,376.6,1,2,2026-08-14
Gus Edwards,RB,FA,392.1,376.9,1,1,2026-08-14
Mitch Tinsley,WR,CIN,392.3,378.1,1,1,2026-08-14
Marquez Valdes-Scantling,WR,DAL,392.3,378.1,1,1,2026-08-14
Jalin Hyatt,WR,NYG,392.5,378.3,1,1,2026-08-14
Arian Smith,WR,NYJ,392.5,378.3,1,1,2026-08-14
Dare Ogunbowale,RB,LV,393.1,377.9,1,1,2026-08-14
Drew Ogletree,TE,IND,393.2,379.3,1,1,2026-08-14
JuJu Smith-Schuster,WR,NYG,393.3,379.1,1,1,2026-08-14
Bo Melton,WR,GB,393.7,379.5,1,1,2026-08-14
Javon Baker,WR,FA,393.9,379.7,1,1,2026-08-14
Payne Durham,TE,TB,394.8,380.9,1,1,2026-08-14
Jacob Cowing,WR,SF,395.3,381.1,1,1,2026-08-14
Sterling Shepard,WR,FA,395.7,381.5,1,1,2026-08-14
John Bates,TE,WAS,396,382.1,1,1,2026-08-14
Gerald Everett,TE,FA,396.5,382.6,1,1,2026-08-14
Jaret Patterson,RB,LAC,396.8,381.6,1,1,2026-08-14
Diontae Johnson,WR,FA,396.9,382.7,1,1,2026-08-14
Lucas Krull,TE,DEN,397,383.1,1,1,2026-08-14
Vinny Anthony II,WR,ATL,397.1,382.9,1,1,2026-08-14
Sean Clifford,QB,CIN,397.2,394.1,1,1,2026-08-14
Nick Nash,WR,WAS,397.3,383.1,1,1,2026-08-14
Van Jefferson,WR,WAS,397.5,383.3,1,1,2026-08-14
Moliki Matavao,TE,NO,397.5,383.6,1,1,2026-08-14
Irv Smith Jr.,TE,FA,398,384.1,1,1,2026-08-14
Pierre Strong Jr.,RB,GB,398.6,383.4,1,1,2026-08-14
Noah Brown,WR,FA,398.9,384.7,1,1,2026-08-14
Carson Steele,RB,PHI,399.1,383.9,1,1,2026-08-14
Brevyn Spann-Ford,TE,DAL,399.2,385.3,1,1,2026-08-14
Durham Smythe,TE,BAL,399.8,385.9,1,1,2026-08-14
Isaiah Hodgins,WR,NYG,400.1,385.9,1,1,2026-08-14
Craig Reynolds,RB,FA,400.4,385.2,1,1,2026-08-14
Johnny Mundt,TE,PHI,400.5,386.6,1,1,2026-08-14
Cody Schrader,RB,DEN,400.8,385.6,1,1,2026-08-14
Allen Lazard,WR,FA,400.9,386.7,1,1,2026-08-14
Jermaine Burton,WR,FA,401.1,386.9,1,1,2026-08-14
Trey Sermon,RB,ATL,401.1,385.9,1,1,2026-08-14
Jonathan Mingo,WR,DAL,401.3,387.1,1,1,2026-08-14
Marcus Yarns,RB,FA,401.4,386.2,1,1,2026-08-14
Israel Abanikanda,RB,DAL,402.4,387.2,1,1,2026-08-14
Ricky White III,WR,SEA,402.4,388.2,1,1,2026-08-14
Isaiah Williams,WR,FA,402.6,388.4,1,1,2026-08-14
Frank Gore Jr.,RB,BUF,403.1,387.9,1,1,2026-08-14
Clyde Edwards-Helaire,RB,FA,403.3,388.1,1,1,2026-08-14
Jamari Thrash,WR,CLE,403.9,389.7,1,1,2026-08-14
Drew Sample,TE,CIN,404,390.1,1,1,2026-08-14
Deuce Vaughn,RB,FA,405.4,390.2,1,1,2026-08-14
Xavier Smith,WR,LAR,405.6,391.4,1,1,2026-08-14
Ronnie Rivers,RB,LAR,406.1,390.9,1,1,2026-08-14
Donald Parham Jr.,TE,FA,406.2,392.3,1,1,2026-08-14
Josh Reynolds,WR,FA,406.9,392.7,1,1,2026-08-14
Eric Saubert,TE,SEA,407.5,393.6,1,1,2026-08-14
Jared Wayne,WR,HOU,408.6,394.4,1,1,2026-08-14
Kevin Austin Jr.,WR,NO,408.6,394.4,1,1,2026-08-14
DeeJay Dallas,RB,JAC,408.8,393.6,1,1,2026-08-14
Jack Stoll,TE,CLE,409,395.1,1,1,2026-08-14
Damien Alford,WR,FA,409.1,394.9,1,1,2026-08-14
Dohnte Meyers,WR,CIN,409.1,394.9,1,1,2026-08-14
Charlie Jones,WR,CIN,409.3,395.1,1,1,2026-08-14
Keaontay Ingram,RB,FA,410.1,394.9,1,1,2026-08-14
Julius Chestnut,RB,TEN,410.4,395.2,1,1,2026-08-14
Tim Patrick,WR,NYJ,410.8,396.6,1,1,2026-08-14
D'Onta Foreman,RB,FA,412.1,396.9,1,1,2026-08-14
James Mitchell,TE,CAR,413,399.1,1,1,2026-08-14
Keilan Robinson,RB,FA,413.1,397.9,1,1,2026-08-14
Blake Watson,RB,FA,413.1,397.9,1,1,2026-08-14
Tyler Scott,WR,LAR,413.1,398.9,1,1,2026-08-14
Connor Heyward,TE,LV,414,400.1,1,1,2026-08-14
Kendall Milton,RB,CIN,414.6,399.4,1,1,2026-08-14
Deneric Prince,RB,FA,414.8,399.6,1,1,2026-08-14
Johnny Wilson,WR,PHI,415.1,400.9,1,1,2026-08-14
Isaiah Williams,WR,NYJ,415.4,401.2,1,1,2026-08-14
Shane Zylstra,TE,BUF,415.5,401.6,1,1,2026-08-14
Cordarrelle Patterson,RB,FA,415.8,400.6,1,1,2026-08-14
D'Ernest Johnson,RB,FA,416.1,400.9,1,1,2026-08-14
Bub Means,WR,NO,416.1,401.9,1,1,2026-08-14
Ian Thomas,TE,LV,416.5,402.6,1,1,2026-08-14
Tylan Wallace,WR,CLE,417.1,402.9,1,1,2026-08-14
Jeff Wilson Jr.,RB,FA,417.4,402.2,1,1,2026-08-14
Skyy Moore,WR,GB,417.4,403.2,1,1,2026-08-14
Zay Jones,WR,FA,417.4,403.2,1,1,2026-08-14
Teagan Quitoriano,TE,ARI,417.5,403.6,1,1,2026-08-14
Joshua Kelley,RB,FA,417.6,402.4,1,1,2026-08-14
David Moore,WR,CAR,417.6,403.4,1,1,2026-08-14
Dillon Johnson,RB,FA,419.1,403.9,1,1,2026-08-14
Tahj Washington,WR,MIA,419.3,405.1,1,1,2026-08-14
Dalvin Cook,RB,FA,419.6,404.4,1,1,2026-08-14
Ainias Smith,WR,FA,419.8,405.6,1,1,2026-08-14
Casey Washington,WR,CAR,420.1,405.9,1,1,2026-08-14
Daijun Edwards,RB,FA,420.6,405.4,1,1,2026-08-14
Salvon Ahmed,RB,CHI,421.1,405.9,1,1,2026-08-14
Justin Watson,WR,HOU,422.1,407.9,1,1,2026-08-14
Ray-Ray McCloud III,WR,CHI,422.4,408.2,1,1,2026-08-14
Henry Ruggs III,WR,FA,422.6,408.4,1,1,2026-08-14
Tyler Johnson,WR,DAL,422.6,408.4,1,1,2026-08-14
Chase Edmonds,RB,WAS,423.1,407.9,1,1,2026-08-14
Dominic Lovett,WR,DET,423.1,408.9,1,1,2026-08-14
Darrynton Evans,RB,FA,424.4,409.2,0,1,2026-08-14
Devin Duvernay,WR,ARI,424.4,410.2,0,1,2026-08-14
Kene Nwangwu,RB,NYJ,425.6,410.4,0,1,2026-08-14
K.J. Osborn,WR,TEN,425.8,411.6,0,1,2026-08-14
Jerick McKinnon,RB,FA,426.1,410.9,0,1,2026-08-14
Cedrick Wilson Jr.,WR,DET,426.1,411.9,0,1,2026-08-14
Chris Evans,RB,FA,427.6,412.4,0,1,2026-08-14
JaMycal Hasty,RB,NE,428.4,413.2,0,1,2026-08-14
Jase McClellan,RB,FA,428.6,413.4,0,1,2026-08-14
Trayveon Williams,RB,FA,429.4,414.2,0,1,2026-08-14
Derius Davis,WR,LAC,429.6,415.4,0,1,2026-08-14
Travis Homer,RB,PIT,430.1,414.9,0,1,2026-08-14
Kevin Harris,RB,FA,430.1,414.9,0,1,2026-08-14
Kameron Johnson,WR,TB,431.6,417.4,0,1,2026-08-14
Tyrion Davis-Price,RB,FA,432.1,416.9,0,1,2026-08-14
A.T. Perry,WR,FA,432.1,417.9,0,1,2026-08-14
Hunter Renfrow,WR,FA,432.8,418.6,0,1,2026-08-14
DeWayne McBride,RB,FA,433.1,417.9,0,1,2026-08-14
Ben Skowronek,WR,PIT,433.1,418.9,0,1,2026-08-14
Scotty Miller,WR,CHI,433.6,419.4,0,1,2026-08-14
Quez Watkins,WR,PHI,434.8,420.6,0,1,2026-08-14
Brenden Rice,WR,FA,435.6,421.4,0,1,2026-08-14
Mecole Hardman Jr.,WR,BUF,435.8,421.6,0,1,2026-08-14
Nyheim Miller-Hines,RB,FA,436.6,421.4,0,1,2026-08-14
Matt Breida,RB,FA,436.6,421.4,0,1,2026-08-14
Braxton Berrios,WR,NYG,437.6,423.4,0,1,2026-08-14
Royce Freeman,RB,FA,438.1,422.9,0,1,2026-08-14
Michael Wiley,RB,FA,438.6,423.4,0,1,2026-08-14
Gary Brightwell,RB,CIN,439.1,423.9,0,0,2026-08-14
Emani Bailey,RB,FA,440.1,424.9,0,0,2026-08-14
Velus Jones Jr.,WR,SEA,441.1,426.9,0,0,2026-08-14
Odell Beckham Jr.,WR,NYG,443.1,428.9,0,0,2026-08-14
Xavier Gipson,WR,NYG,444.6,430.4,0,0,2026-08-14
Terrace Marshall Jr.,WR,MIA,446.1,431.9,0,0,2026-08-14
Jason Brownlee,WR,KC,447.6,433.4,0,0,2026-08-14
Lew Nichols III,RB,PIT,448.1,432.9,0,0,2026-08-14
Jashaun Corbin,RB,DAL,450.1,434.9,0,0,2026-08-14
Trenton Irwin,WR,SF,451.1,436.9,0,0,2026-08-14
Nelson Agholor,WR,FA,452.6,438.4,0,0,2026-08-14
Tejhaun Palmer,WR,NE,453.1,438.9,0,0,2026-08-14
Danny Gray,WR,PHI,454.6,440.4,0,0,2026-08-14
Jalen Reagor,WR,MIA,455.6,441.4,0,0,2026-08-14
Donovan Peoples-Jones,WR,FA,457.1,442.9,0,0,2026-08-14
Kyle Philips,WR,FA,458.1,443.9,0,0,2026-08-14
Zach Pascal,WR,FA,459.6,445.4,0,0,2026-08-14
Justyn Ross,WR,FA,460.6,446.4,0,0,2026-08-14
Michael Thomas,WR,FA,462.1,447.9,0,0,2026-08-14
Chase Claypool,WR,FA,463.1,448.9,0,0,2026-08-14
