asset_type,name,position,value,source_league_type,source_scoring,source_date
rookie_pick_slot,1.01,,83,Dynasty,PPR,2026-08-20
rookie_pick_slot,1.02,,40,Dynasty,PPR,2026-08-20
rookie_pick_slot,1.03,,36,Dynasty,PPR,2026-08-20
rookie_pick_slot,1.04,,33,Dynasty,PPR,2026-08-20
rookie_pick_slot,1.05,,30,Dynasty,PPR,2026-08-20
rookie_pick_slot,1.06,,30,Dynasty,PPR,2026-08-20
rookie_pick_slot,1.07,,29,Dynasty,PPR,2026-08-20
rookie_pick_slot,1.08,,25,Dynasty,PPR,2026-08-20
rookie_pick_slot,1.09,,22,Dynasty,PPR,2026-08-20
rookie_pick_slot,1.10,,21,Dynasty,PPR,2026-08-20
rookie_pick_slot,1.11,,20,Dynasty,PPR,2026-08-20
rookie_pick_slot,1.12,,19,Dynasty,PPR,2026-08-20
rookie_pick_slot,2.01,,18,Dynasty,PPR,2026-08-20
rookie_pick_slot,2.02,,17,Dynasty,PPR,2026-08-20
rookie_pick_slot,2.03,,15,Dynasty,PPR,2026-08-20
rookie_pick_slot,2.04,,15,Dynasty,PPR,2026-08-20
rookie_pick_slot,2.05,,14,Dynasty,PPR,2026-08-20
rookie_pick_slot,2.06,,14,Dynasty,PPR,2026-08-20
rookie_pick_slot,2.07,,13,Dynasty,PPR,2026-08-20
rookie_pick_slot,2.08,,13,Dynasty,PPR,2026-08-20
rookie_pick_slot,2.09,,13,Dynasty,PPR,2026-08-20
rookie_pick_slot,2.10,,12,Dynasty,PPR,2026-08-20
rookie_pick_slot,2.11,,11,Dynasty,PPR,2026-08-20
rookie_pick_slot,2.12,,11,Dynasty,PPR,2026-08-20
rookie_pick_slot,3.01,,9,Dynasty,PPR,2026-08-20
rookie_pick_slot,3.02,,8,Dynasty,PPR,2026-08-20
rookie_pick_slot,3.03,,8,Dynasty,PPR,2026-08-20
rookie_pick_slot,3.04,,7,Dynasty,PPR,2026-08-20
rookie_pick_slot,3.05,,6,Dynasty,PPR,2026-08-20
rookie_pick_slot,3.06,,6,Dynasty,PPR,2026-08-20
rookie_pick_slot,3.07,,6,Dynasty,PPR,2026-08-20
rookie_pick_slot,3.08,,6,Dynasty,PPR,2026-08-20
rookie_pick_slot,3.09,,5,Dynasty,PPR,2026-08-20
rookie_pick_slot,3.10,,5,Dynasty,PPR,2026-08-20
rookie_pick_slot,3.11,,5,Dynasty,PPR,2026-08-20
rookie_pick_slot,3.12,,5,Dynasty,PPR,2026-08-20
rookie_pick_slot,4.01,,4,Dynasty,PPR,2026-08-20
rookie_pick_slot,4.02,,4,Dynasty,PPR,2026-08-20
rookie_pick_slot,4.03,,4,Dynasty,PPR,2026-08-20
rookie_pick_slot,4.04,,3,Dynasty,PPR,2026-08-20
rookie_pick_slot,4.05,,3,Dynasty,PPR,2026-08-20
rookie_pick_slot,4.06,,3,Dynasty,PPR,2026-08-20
rookie_pick_slot,4.07,,3,Dynasty,PPR,2026-08-20
rookie_pick_slot,4.08,,3,Dynasty,PPR,2026-08-20
rookie_pick_slot,4.09,,3,Dynasty,PPR,2026-08-20
rookie_pick_slot,4.10,,2,Dynasty,PPR,2026-08-20
rookie_pick_slot,4.11,,2,Dynasty,PPR,2026-08-20
rookie_pick_slot,4.12,,2,Dynasty,PPR,2026-08-20
future_pick,2027 Random Rd 1,,29,Dynasty,PPR,2026-08-20
future_pick,2028 Random Rd 1,,27,Dynasty,PPR,2026-08-20
future_pick,2027 Random Rd 2,,14,Dynasty,PPR,2026-08-20
future_pick,2028 Random Rd 2,,13,Dynasty,PPR,2026-08-20
future_pick,2027 Random Rd 3,,10,Dynasty,PPR,2026-08-20
future_pick,2028 Random Rd 3,,9,Dynasty,PPR,2026-08-20
future_pick,2027 Random Rd 4,,6,Dynasty,PPR,2026-08-20
future_pick,2028 Random Rd 4,,6,Dynasty,PPR,2026-08-20
future_pick,2027 Random Rd 5,,4,Dynasty,PPR,2026-08-20
future_pick,2028 Random Rd 5,,4,Dynasty,PPR,2026-08-20
player,Josh Allen,QB,45,Dynasty,PPR,2026-08-20
player,Drake Maye,QB,42,Dynasty,PPR,2026-08-20
player,Jayden Daniels,QB,39,Dynasty,PPR,2026-08-20
player,Lamar Jackson,QB,32,Dynasty,PPR,2026-08-20
player,Joe Burrow,QB,32,Dynasty,PPR,2026-08-20
player,Caleb Williams,QB,29,Dynasty,PPR,2026-08-20
player,Justin Herbert,QB,28,Dynasty,PPR,2026-08-20
player,Patrick Mahomes,QB,28,Dynasty,PPR,2026-08-20
player,Jalen Hurts,QB,27,Dynasty,PPR,2026-08-20
player,Trevor Lawrence,QB,25,Dynasty,PPR,2026-08-20
player,Brock Purdy,QB,22,Dynasty,PPR,2026-08-20
player,Jaxson Dart,QB,22,Dynasty,PPR,2026-08-20
player,Bo Nix,QB,21,Dynasty,PPR,2026-08-20
player,Dak Prescott,QB,19,Dynasty,PPR,2026-08-20
player,Jordan Love,QB,18,Dynasty,PPR,2026-08-20
player,Fernando Mendoza,QB,17,Dynasty,PPR,2026-08-20
player,C.J. Stroud,QB,17,Dynasty,PPR,2026-08-20
player,Baker Mayﬁeld,QB,17,Dynasty,PPR,2026-08-20
player,Kyler Murray,QB,16,Dynasty,PPR,2026-08-20
player,Jared Goff,QB,16,Dynasty,PPR,2026-08-20
player,Tyler Shough,QB,16,Dynasty,PPR,2026-08-20
player,Cameron Ward,QB,15,Dynasty,PPR,2026-08-20
player,Sam Darnold,QB,15,Dynasty,PPR,2026-08-20
player,Malik Willis,QB,14,Dynasty,PPR,2026-08-20
player,Bryce Young,QB,12,Dynasty,PPR,2026-08-20
player,Matthew Stafford,QB,11,Dynasty,PPR,2026-08-20
player,Daniel Jones,QB,10,Dynasty,PPR,2026-08-20
player,Ty Simpson,QB,5,Dynasty,PPR,2026-08-20
player,Bijan Robinson,RB,99,Dynasty,PPR,2026-08-20
player,Jahmyr Gibbs,RB,95,Dynasty,PPR,2026-08-20
player,Jeremiyah Love,RB,83,Dynasty,PPR,2026-08-20
player,Ashton Jeanty,RB,80,Dynasty,PPR,2026-08-20
player,De'Von Achane,RB,75,Dynasty,PPR,2026-08-20
player,Jonathan Taylor,RB,75,Dynasty,PPR,2026-08-20
player,Omarion Hampton,RB,73,Dynasty,PPR,2026-08-20
player,James Cook,RB,54,Dynasty,PPR,2026-08-20
player,Kenneth Walker III,RB,50,Dynasty,PPR,2026-08-20
player,Breece Hall,RB,47,Dynasty,PPR,2026-08-20
player,Christian McCaffrey,RB,47,Dynasty,PPR,2026-08-20
player,TreVeyon Henderson,RB,46,Dynasty,PPR,2026-08-20
player,Saquon Barkley,RB,42,Dynasty,PPR,2026-08-20
player,Quinshon Judkins,RB,41,Dynasty,PPR,2026-08-20
player,Chase Brown,RB,38,Dynasty,PPR,2026-08-20
player,Josh Jacobs,RB,37,Dynasty,PPR,2026-08-20
player,Bucky Irving,RB,36,Dynasty,PPR,2026-08-20
player,Kyren Williams,RB,35,Dynasty,PPR,2026-08-20
player,Jadarian Price,RB,30,Dynasty,PPR,2026-08-20
player,Derrick Henry,RB,25,Dynasty,PPR,2026-08-20
player,Cameron Skattebo,RB,25,Dynasty,PPR,2026-08-20
player,Javonte Williams,RB,24,Dynasty,PPR,2026-08-20
player,Travis Etienne,RB,23,Dynasty,PPR,2026-08-20
player,Bhayshul Tuten,RB,19,Dynasty,PPR,2026-08-20
player,Jonathon Brooks,RB,19,Dynasty,PPR,2026-08-20
player,D'Andre Swift,RB,19,Dynasty,PPR,2026-08-20
player,Jaylen Warren,RB,18,Dynasty,PPR,2026-08-20
player,David Montgomery,RB,17,Dynasty,PPR,2026-08-20
player,Rhamondre Stevenson,RB,17,Dynasty,PPR,2026-08-20
player,Zach Charbonnet,RB,17,Dynasty,PPR,2026-08-20
player,Jacory Croskey-Merritt,RB,16,Dynasty,PPR,2026-08-20
player,RJ Harvey,RB,16,Dynasty,PPR,2026-08-20
player,Tony Pollard,RB,15,Dynasty,PPR,2026-08-20
player,Blake Corum,RB,15,Dynasty,PPR,2026-08-20
player,Kyle Monangai,RB,15,Dynasty,PPR,2026-08-20
player,Chuba Hubbard,RB,15,Dynasty,PPR,2026-08-20
player,Woody Marks,RB,15,Dynasty,PPR,2026-08-20
player,Jordan Mason,RB,14,Dynasty,PPR,2026-08-20
player,Tyjae Spears,RB,14,Dynasty,PPR,2026-08-20
player,Kenneth Gainwell,RB,14,Dynasty,PPR,2026-08-20
player,Jonah Coleman,RB,14,Dynasty,PPR,2026-08-20
player,Rico Dowdle,RB,13,Dynasty,PPR,2026-08-20
player,Braelon Allen,RB,12,Dynasty,PPR,2026-08-20
player,J.K. Dobbins,RB,9,Dynasty,PPR,2026-08-20
player,Tyrone Tracy Jr.,RB,8,Dynasty,PPR,2026-08-20
player,Aaron Jones,RB,8,Dynasty,PPR,2026-08-20
player,Rachaad White,RB,7,Dynasty,PPR,2026-08-20
player,MarShawn Lloyd,RB,7,Dynasty,PPR,2026-08-20
player,Ja'Marr Chase,WR,100,Dynasty,PPR,2026-08-20
player,Jaxon Smith-Njigba,WR,97,Dynasty,PPR,2026-08-20
player,Puka Nacua,WR,94,Dynasty,PPR,2026-08-20
player,Amon-Ra St. Brown,WR,83,Dynasty,PPR,2026-08-20
player,CeeDee Lamb,WR,82,Dynasty,PPR,2026-08-20
player,Justin Jefferson,WR,82,Dynasty,PPR,2026-08-20
player,Malik Nabers,WR,81,Dynasty,PPR,2026-08-20
player,Drake London,WR,74,Dynasty,PPR,2026-08-20
player,Nico Collins,WR,68,Dynasty,PPR,2026-08-20
player,Tetairoa McMillan,WR,57,Dynasty,PPR,2026-08-20
player,George Pickens,WR,53,Dynasty,PPR,2026-08-20
player,Chris Olave,WR,52,Dynasty,PPR,2026-08-20
player,Emeka Egbuka,WR,51,Dynasty,PPR,2026-08-20
player,Zay Flowers,WR,49,Dynasty,PPR,2026-08-20
player,Garrett Wilson,WR,42,Dynasty,PPR,2026-08-20
player,Ladd McConkey,WR,41,Dynasty,PPR,2026-08-20
player,Rashee Rice,WR,41,Dynasty,PPR,2026-08-20
player,Tee Higgins,WR,40,Dynasty,PPR,2026-08-20
player,Carnell Tate,WR,40,Dynasty,PPR,2026-08-20
player,DeVonta Smith,WR,37,Dynasty,PPR,2026-08-20
player,Luther Burden III,WR,37,Dynasty,PPR,2026-08-20
player,A.J. Brown,WR,37,Dynasty,PPR,2026-08-20
player,Jaylen Waddle,WR,36,Dynasty,PPR,2026-08-20
player,Jameson Williams,WR,36,Dynasty,PPR,2026-08-20
player,Makai Lemon,WR,36,Dynasty,PPR,2026-08-20
player,Jordyn Tyson,WR,33,Dynasty,PPR,2026-08-20
player,Rome Odunze,WR,32,Dynasty,PPR,2026-08-20
player,Christian Watson,WR,27,Dynasty,PPR,2026-08-20
player,KC Concepcion,WR,25,Dynasty,PPR,2026-08-20
player,Terry McLaurin,WR,24,Dynasty,PPR,2026-08-20
player,Brian Thomas Jr.,WR,24,Dynasty,PPR,2026-08-20
player,Jordan Addison,WR,23,Dynasty,PPR,2026-08-20
player,Parker Washington,WR,22,Dynasty,PPR,2026-08-20
player,Marvin Harrison Jr.,WR,22,Dynasty,PPR,2026-08-20
player,D.J. Moore,WR,22,Dynasty,PPR,2026-08-20
player,D.K. Metcalf,WR,22,Dynasty,PPR,2026-08-20
player,Michael Wilson,WR,22,Dynasty,PPR,2026-08-20
player,Davante Adams,WR,21,Dynasty,PPR,2026-08-20
player,Michael Pittman Jr.,WR,21,Dynasty,PPR,2026-08-20
player,Xavier Worthy,WR,21,Dynasty,PPR,2026-08-20
player,Denzel Boston,WR,21,Dynasty,PPR,2026-08-20
player,Mike Evans,WR,21,Dynasty,PPR,2026-08-20
player,Courtland Sutton,WR,20,Dynasty,PPR,2026-08-20
player,Alec Pierce,WR,20,Dynasty,PPR,2026-08-20
player,Wan'Dale Robinson,WR,20,Dynasty,PPR,2026-08-20
player,Khalil Shakir,WR,20,Dynasty,PPR,2026-08-20
player,Matthew Golden,WR,18,Dynasty,PPR,2026-08-20
player,De'Zhaun Stribling,WR,18,Dynasty,PPR,2026-08-20
player,Brock Bowers,TE,64,Dynasty,PPR,2026-08-20
player,Trey McBride,TE,60,Dynasty,PPR,2026-08-20
player,Colston Loveland,TE,50,Dynasty,PPR,2026-08-20
player,Tyler Warren,TE,33,Dynasty,PPR,2026-08-20
player,Harold Fannin Jr.,TE,33,Dynasty,PPR,2026-08-20
player,Tucker Kraft,TE,28,Dynasty,PPR,2026-08-20
player,Kyle Pitts,TE,23,Dynasty,PPR,2026-08-20
player,Sam LaPorta,TE,20,Dynasty,PPR,2026-08-20
player,Kenyon Sadiq,TE,20,Dynasty,PPR,2026-08-20
player,Dalton Kincaid,TE,15,Dynasty,PPR,2026-08-20
player,Oronde Gadsden II,TE,14,Dynasty,PPR,2026-08-20
player,Jake Ferguson,TE,14,Dynasty,PPR,2026-08-20
player,Eli Stowers,TE,13,Dynasty,PPR,2026-08-20
player,George Kittle,TE,12,Dynasty,PPR,2026-08-20
player,Isaiah Likely,TE,11,Dynasty,PPR,2026-08-20
player,Brenton Strange,TE,10,Dynasty,PPR,2026-08-20
player,Juwan Johnson,TE,9,Dynasty,PPR,2026-08-20
player,Dallas Goedert,TE,9,Dynasty,PPR,2026-08-20
player,Mark Andrews,TE,9,Dynasty,PPR,2026-08-20
player,Terrance Ferguson,TE,9,Dynasty,PPR,2026-08-20
player,Elijah Arroyo,TE,8,Dynasty,PPR,2026-08-20
player,Travis Kelce,TE,8,Dynasty,PPR,2026-08-20
player,Hunter Henry,TE,8,Dynasty,PPR,2026-08-20
player,AJ Barner,TE,8,Dynasty,PPR,2026-08-20
player,Chigoziem Okonkwo,TE,7,Dynasty,PPR,2026-08-20
player,Michael Mayer,TE,7,Dynasty,PPR,2026-08-20
player,Gunnar Helm,TE,7,Dynasty,PPR,2026-08-20
player,Pat Freiermuth,TE,7,Dynasty,PPR,2026-08-20
player,Dalton Schultz,TE,6,Dynasty,PPR,2026-08-20
player,Cade Otton,TE,5,Dynasty,PPR,2026-08-20
player,T.J. Hockenson,TE,5,Dynasty,PPR,2026-08-20
player,David Njoku,TE,4,Dynasty,PPR,2026-08-20
player,Theo Johnson,TE,2,Dynasty,PPR,2026-08-20
