rank,name,team,proj,rush_yd,rec_yd,rush_td,rec_td,rush_att,rec
1,J Gibbs,DET,331.4,1251,533,12,3,255,63
2,B Robinson,ATL,324.9,1372,537,9,3,280,64
3,C McCaffrey,SF,291.0,984,606,7,4,240,70
4,J Taylor,IND,272.3,1385,278,11,1,287,36
5,J Cook,BUF,260.8,1270,268,11,2,264,31
6,D Achane,MIA,257.4,1168,416,6,2,239,55
7,C Brown,CIN,255.2,945,417,8,3,220,57
8,D Henry,BAL,246.9,1406,133,12,1,281,17
9,S Barkley,PHI,246.7,1220,277,8,2,271,37
10,K Walker,KC,244.0,1158,272,9,2,259,37
11,O Hampton,LAC,242.9,1025,364,8,2,232,48
12,A Jeanty,LV,233.9,1048,341,7,2,244,45
13,J Love,ARI,211.8,897,351,5,2,205,47
14,B Hall,NYJ,211.0,986,314,5,2,220,37
15,K Williams,LAR,208.0,981,219,8,2,228,32
16,D Swift,CHI,208.0,978,272,7,1,217,37
17,T Etienne,NO,207.7,950,287,6,2,226,36
18,J Williams,DAL,207.3,1004,239,7,1,239,37
19,D Montgomery,HOU,206.1,986,235,8,1,236,32
20,J Jacobs,GB,202.6,918,258,8,1,217,33
21,C Skattebo,NYG,201.2,891,301,6,1,214,42
22,B Irving,TB,197.3,902,271,6,2,211,36
23,Q Judkins,CLE,196.0,1012,228,6,1,244,32
24,B Tuten,JAX,174.8,794,234,6,1,184,32
25,T Henderson,NE,171.0,760,260,5,1,170,35
26,J Warren,PIT,170.6,759,267,5,1,172,36
27,J Price,SEA,170.0,912,138,7,1,212,19
28,R Stevenson,NE,169.0,786,214,6,1,183,29
29,R Dowdle,PIT,161.1,678,273,4,1,159,38
30,J Dobbins,DEN,160.2,732,190,6,1,171,26
31,T Pollard,TEN,160.1,794,187,5,1,189,28
32,J Brooks,CAR,154.9,684,245,4,1,160,34
33,K Monangai,CHI,154.6,751,165,6,1,166,23
34,J Mason,MIN,153.7,797,140,6,1,190,20
35,K Gainwell,TB,152.3,418,355,3,2,99,47
36,C Hubbard,CAR,147.9,766,153,5,1,181,22
37,R Harvey,DEN,144.1,515,276,3,2,124,37
38,A Jones,MIN,137.1,563,248,3,1,131,34
39,B Corum,LAR,135.3,757,106,6,0,172,15
40,C Rodriguez,JAX,132.5,728,107,6,0,171,15
41,R White,WAS,128.1,468,253,3,1,114,34
42,J Croskey-Merritt,WAS,127.9,614,135,5,1,141,19
43,T Spears,TEN,114.6,388,248,2,1,92,35
44,T Tracy,NYG,111.3,528,155,3,1,124,21
45,M Washington,LV,97.5,458,117,3,1,111,16
46,K Mitchell,LAC,96.9,435,134,3,1,88,18
47,D Sampson,CLE,88.7,321,176,2,1,78,23
48,W Marks,HOU,83.8,351,137,2,1,86,19
49,B Robinson,ATL,69.9,358,91,2,0,87,13
50,S Perine,CIN,69.8,275,103,2,1,66,14
51,T Allgeier,ARI,69.4,400,54,3,0,95,8
52,J Hill,BAL,67.7,141,176,1,1,33,24
53,Z Charbonnet,SEA,67.2,264,78,3,1,65,11
54,T Bigsby,PHI,65.2,353,59,3,0,82,8
55,E Johnson,KC,65.2,286,86,2,1,67,12
56,R Davis,BUF,65.1,313,68,3,0,73,9
57,J Coleman,DEN,63.9,304,75,2,1,72,10
58,N Singleton,TEN,63.7,270,87,2,1,65,12
59,A Kamara,NO,63.0,185,145,1,2,45,20
60,I Davis,NYJ,60.5,261,94,2,0,62,13
61,K Vidal,LAC,60.0,243,97,2,1,60,14
62,J James,SF,59.7,287,80,2,1,68,11
63,J Conner,ARI,57.2,220,82,2,1,53,11
64,J Blue,DAL,56.6,289,67,2,0,68,9
65,E Wilson,SEA,56.5,249,86,2,0,61,11
66,C Brooks,GB,56.3,203,100,2,0,50,14
67,L Allen,JAX,56.2,135,127,1,1,33,18
68,T Johnson,BUF,55.8,137,131,1,1,32,17
69,I Pacheco,DET,53.6,263,73,2,0,67,10
70,S Tucker,TB,52.5,288,57,2,0,66,8
71,B Allen,NYJ,52.2,233,69,2,0,57,10
72,M Lloyd,GB,51.8,281,47,2,0,68,7
73,K Allen,WAS,45.9,220,59,2,0,53,8
74,J Wright,MIA,44.1,223,38,2,0,53,6
75,K Black,SF,42.3,200,43,2,0,49,6
76,R Ali,BAL,38.7,120,87,1,0,29,12
77,E Demercado,KC,38.3,120,83,1,0,29,12
78,S McGowan,IND,36.3,184,49,1,0,44,7
79,T Etienne,CAR,36.2,164,58,1,0,40,8
80,W Shipley,PHI,33.8,105,73,1,0,25,10
81,M Davis,DAL,33.7,178,39,1,0,44,6
82,A Ekeler,NA,33.1,,,,,,
83,K Johnson,PIT,32.0,174,36,1,0,42,5
84,D Neal,NO,31.9,160,49,1,0,39,7
85,J Taylor,JAX,30.7,160,37,1,0,38,5
86,A Randall,BAL,30.1,103,58,1,0,25,8
87,D Giddens,IND,30.0,137,43,1,0,33,6
88,N Chubb,,27.9,138,31,1,0,35,5
89,T Benson,ARI,27.2,120,22,1,1,30,3
90,J Jordan,HOU,27.0,127,33,1,0,31,5
91,J Ford,WAS,26.3,99,44,1,0,24,6
92,N Harris,NYG,26.3,117,36,1,0,30,5
93,D Reid,,25.3,122,31,1,0,29,4
94,G Holani,SEA,25.2,123,29,1,0,30,4
95,D Claiborne,MIN,24.8,138,30,1,0,29,4
96,T Brooks,CIN,24.4,132,22,1,0,33,3
97,K Hunt,,24.2,130,22,1,0,35,3
98,O Gordon,MIA,23.2,120,22,1,0,30,3
99,A Estime,NO,22.6,119,17,1,0,30,3
100,D Pierce,PHI,21.8,106,22,1,0,25,3
101,I Guerendo,SF,21.2,116,16,1,0,28,2
102,J Miller,NE,20.4,92,22,1,0,22,3
103,K Juszczyk,SF,19.9,,,,,,
104,B Smith,KC,19.9,67,32,1,0,16,4
105,R Mostert,,12.5,42,33,0,0,10,5
106,D Singletary,NYG,12.3,41,32,0,0,10,5
107,T Chandler,NO,12.0,21,39,0,0,5,6
108,D Laube,LV,11.9,50,29,0,0,12,4
109,J Ott,KC,11.2,63,19,0,0,15,3
110,J Hunter,LAR,9.6,63,13,0,0,15,2
111,J McNichols,WAS,9.4,42,22,0,0,10,3
112,E Mitchell,,9.3,59,14,0,0,14,2
113,D Ogunbowale,LV,9.2,24,28,0,0,6,4
114,H Luepke,DAL,9.0,,,,,,
115,T Badie,DEN,8.4,16,28,0,0,4,4
116,D Connors,LAR,8.4,46,18,0,0,11,2
117,M Carter,TEN,8.1,29,22,0,0,7,3
118,R Johnson,CHI,7.6,42,14,0,0,10,2
119,P Strong,GB,7.5,41,14,0,0,10,2
120,D Martinez,GB,7.5,41,14,0,0,10,2
121,J McLaughlin,DEN,7.5,40,15,0,0,10,2
122,R Rivers,LAR,7.1,21,20,0,0,5,3
123,P Mafah,DAL,6.7,32,15,0,0,8,2
124,K Miller,NO,5.6,20,16,0,0,5,2
125,J Chestnut,TEN,5.6,20,16,0,0,5,2
126,K Mullings,NO,5.6,20,16,0,0,5,2
127,Z Scott,MIN,5.6,21,15,0,0,5,2
128,K McIntosh,,5.2,16,16,0,0,4,2
129,Z White,NO,5.1,21,10,0,0,5,2
