name,team,position,rank,projection,proj_3yr,trade_value,source_date
J Allen,BUF,QB,1.0,379.0,1023.0,100.0,2026-08-18
D Maye,NE,QB,2.0,340.0,983.0,97.0,2026-08-18
J Daniels,WAS,QB,3.0,334.0,1018.0,93.0,2026-08-18
L Jackson,BAL,QB,4.0,340.0,1000.0,82.0,2026-08-18
J Burrow,CIN,QB,5.0,337.0,974.0,79.0,2026-08-18
C Williams,CHI,QB,6.0,324.0,926.0,71.0,2026-08-18
B Robinson,ATL,RB,7.0,276.0,690.0,71.0,2026-08-18
J Herbert,LAC,QB,8.0,326.0,926.0,69.0,2026-08-18
P Mahomes,KC,QB,9.0,309.0,933.0,68.0,2026-08-18
J Chase,CIN,WR,10.0,215.0,655.0,65.0,2026-08-18
J Hurts,PHI,QB,11.0,331.0,960.0,65.0,2026-08-18
J Gibbs,DET,RB,12.0,285.0,651.0,64.0,2026-08-18
J Love,ARI,RB,13.0,191.0,608.0,60.0,2026-08-18
J Taylor,IND,RB,14.0,255.0,642.0,59.0,2026-08-18
T Lawrence,JAX,QB,15.0,329.0,884.0,58.0,2026-08-18
J Jefferson,MIN,WR,16.0,190.0,598.0,55.0,2026-08-18
A Jeanty,LV,RB,17.0,231.0,571.0,55.0,2026-08-18
J Smith-Njigba,SEA,WR,18.0,210.0,578.0,54.0,2026-08-18
O Hampton,LAC,RB,19.0,210.0,589.0,53.0,2026-08-18
P Nacua,LAR,WR,20.0,228.0,557.0,52.0,2026-08-18
C Lamb,DAL,WR,21.0,196.0,575.0,51.0,2026-08-18
M Nabers,NYG,WR,22.0,152.0,545.0,49.0,2026-08-18
A St. Brown,DET,WR,23.0,201.0,554.0,48.0,2026-08-18
B Purdy,SF,QB,24.0,327.0,858.0,48.0,2026-08-18
D London,ATL,WR,25.0,178.0,541.0,47.0,2026-08-18
J Dart,NYG,QB,26.0,319.0,830.0,47.0,2026-08-18
D Achane,MIA,RB,27.0,211.0,560.0,47.0,2026-08-18
N Collins,HOU,WR,28.0,182.0,543.0,46.0,2026-08-18
B Nix,DEN,QB,29.0,312.0,863.0,44.0,2026-08-18
J Cook,BUF,RB,30.0,254.0,526.0,40.0,2026-08-18
G Pickens,DAL,WR,31.0,177.0,491.0,39.0,2026-08-18
D Prescott,DAL,QB,32.0,325.0,863.0,38.0,2026-08-18
K Walker III,KC,RB,33.0,219.0,498.0,38.0,2026-08-18
T McMillan,CAR,WR,34.0,147.0,480.0,37.0,2026-08-18
T McBride,ARI,TE,35.0,148.0,523.0,37.0,2026-08-18
B Bowers,LV,TE,36.0,159.0,492.0,36.0,2026-08-18
J Love,GB,QB,37.0,296.0,869.0,34.0,2026-08-18
Q Judkins,CLE,RB,38.0,175.0,457.0,33.0,2026-08-18
C Loveland,CHI,TE,39.0,154.0,462.0,33.0,2026-08-18
F Mendoza,LV,QB,40.0,198.0,812.0,32.0,2026-08-18
S Barkley,PHI,RB,41.0,228.0,466.0,31.0,2026-08-18
C Olave,NO,WR,42.0,165.0,447.0,31.0,2026-08-18
C Stroud,HOU,QB,43.0,276.0,808.0,31.0,2026-08-18
Z Flowers,BAL,WR,44.0,163.0,449.0,30.0,2026-08-18
C McCaffrey,SF,RB,45.0,254.0,457.0,30.0,2026-08-18
B Mayfield,TB,QB,46.0,291.0,822.0,29.0,2026-08-18
K Murray,MIN,QB,47.0,325.0,840.0,29.0,2026-08-18
J Williams,DET,WR,48.0,147.0,443.0,29.0,2026-08-18
J Goff,DET,QB,49.0,303.0,847.0,29.0,2026-08-18
B Hall,NYJ,RB,50.0,197.0,432.0,29.0,2026-08-18
E Egbuka,TB,WR,51.0,145.0,405.0,28.0,2026-08-18
T Henderson,NE,RB,52.0,156.0,437.0,28.0,2026-08-18
T Shough,NO,QB,53.0,296.0,800.0,28.0,2026-08-18
T Higgins,CIN,WR,54.0,166.0,440.0,28.0,2026-08-18
J Jacobs,GB,RB,55.0,213.0,444.0,26.0,2026-08-18
R Rice,KC,WR,56.0,175.0,412.0,26.0,2026-08-18
A Brown,NE,WR,57.0,177.0,426.0,26.0,2026-08-18
C Ward,TEN,QB,58.0,264.0,788.0,26.0,2026-08-18
S Darnold,SEA,QB,59.0,261.0,810.0,25.0,2026-08-18
J Waddle,DEN,WR,60.0,151.0,425.0,25.0,2026-08-18
C Tate,TEN,WR,61.0,131.0,396.0,25.0,2026-08-18
M Lemon,PHI,WR,62.0,109.0,411.0,25.0,2026-08-18
L McConkey,LAC,WR,63.0,143.0,415.0,25.0,2026-08-18
B Irving,TB,RB,64.0,169.0,396.0,25.0,2026-08-18
K Williams,LAR,RB,65.0,201.0,385.0,24.0,2026-08-18
C Brown,CIN,RB,66.0,207.0,397.0,24.0,2026-08-18
G Wilson,NYJ,WR,67.0,150.0,400.0,24.0,2026-08-18
J Price,SEA,RB,68.0,152.0,406.0,23.0,2026-08-18
D Smith,PHI,WR,69.0,155.0,404.0,23.0,2026-08-18
L Burden III,CHI,WR,70.0,144.0,386.0,23.0,2026-08-18
J Tyson,NO,WR,71.0,95.0,392.0,22.0,2026-08-18
T Warren,IND,TE,72.0,139.0,369.0,22.0,2026-08-18
C Watson,GB,WR,73.0,162.0,413.0,22.0,2026-08-18
M Willis,MIA,QB,74.0,275.0,821.0,22.0,2026-08-18
T Kraft,GB,TE,75.0,127.0,371.0,21.0,2026-08-18
H Fannin Jr.,CLE,TE,76.0,120.0,337.0,21.0,2026-08-18
R Odunze,CHI,WR,77.0,140.0,383.0,21.0,2026-08-18
D Henry,BAL,RB,78.0,244.0,378.0,21.0,2026-08-18
B Young,CAR,QB,79.0,247.0,759.0,21.0,2026-08-18
M Stafford,LAR,QB,80.0,299.0,845.0,20.0,2026-08-18
D Jones,IND,QB,81.0,277.0,739.0,19.0,2026-08-18
K Concepcion,CLE,WR,82.0,113.0,355.0,18.0,2026-08-18
B Thomas Jr.,JAX,WR,83.0,128.0,358.0,18.0,2026-08-18
D Metcalf,PIT,WR,84.0,138.0,366.0,18.0,2026-08-18
J Addison,MIN,WR,85.0,128.0,356.0,17.0,2026-08-18
T McLaurin,WAS,WR,86.0,144.0,375.0,17.0,2026-08-18
M Harrison Jr.,ARI,WR,87.0,132.0,348.0,17.0,2026-08-18
K Pitts,ATL,TE,88.0,111.0,321.0,17.0,2026-08-18
T Simpson,LAR,QB,89.0,30.0,751.0,17.0,2026-08-18
M Evans,SF,WR,90.0,148.0,375.0,16.0,2026-08-18
D Moore,BUF,WR,91.0,138.0,358.0,16.0,2026-08-18
S LaPorta,DET,TE,92.0,124.0,308.0,16.0,2026-08-18
C Skattebo,NYG,RB,93.0,181.0,321.0,16.0,2026-08-18
J Williams,DAL,RB,94.0,205.0,340.0,16.0,2026-08-18
C Sutton,DEN,WR,95.0,131.0,358.0,15.0,2026-08-18
A Pierce,IND,WR,96.0,114.0,353.0,15.0,2026-08-18
X Worthy,KC,WR,97.0,122.0,330.0,15.0,2026-08-18
P Washington,JAX,WR,98.0,138.0,328.0,15.0,2026-08-18
M Wilson,ARI,WR,99.0,111.0,351.0,15.0,2026-08-18
D Boston,CLE,WR,100.0,95.0,333.0,14.0,2026-08-18
D Adams,LAR,WR,101.0,156.0,362.0,14.0,2026-08-18
J Higgins,HOU,WR,102.0,111.0,326.0,14.0,2026-08-18
T Etienne,NO,RB,103.0,190.0,350.0,14.0,2026-08-18
M Golden,GB,WR,104.0,108.0,318.0,14.0,2026-08-18
K Sadiq,NYJ,TE,105.0,84.0,267.0,14.0,2026-08-18
Q Johnston,LAC,WR,106.0,127.0,312.0,13.0,2026-08-18
D Stribling,SF,WR,107.0,92.0,328.0,13.0,2026-08-18
M Pittman Jr.,PIT,WR,108.0,120.0,326.0,13.0,2026-08-18
T Tagovailoa,ATL,QB,109.0,114.0,687.0,13.0,2026-08-18
S Sanders,CLE,QB,110.0,108.0,629.0,12.0,2026-08-18
B Tuten,JAX,RB,111.0,157.0,279.0,12.0,2026-08-18
J Reed,GB,WR,112.0,131.0,315.0,12.0,2026-08-18
R Doubs,NE,WR,113.0,117.0,308.0,12.0,2026-08-18
D Montgomery,HOU,RB,114.0,180.0,275.0,11.0,2026-08-18
O Gadsden II,LAC,TE,115.0,81.0,254.0,11.0,2026-08-18
D Swift,CHI,RB,116.0,190.0,316.0,11.0,2026-08-18
J Meyers,JAX,WR,117.0,119.0,334.0,11.0,2026-08-18
E Stowers,PHI,TE,118.0,43.0,262.0,11.0,2026-08-18
D Kincaid,BUF,TE,119.0,100.0,259.0,11.0,2026-08-18
G Kittle,SF,TE,120.0,112.0,282.0,11.0,2026-08-18
P Bryant,DEN,WR,121.0,78.0,303.0,11.0,2026-08-18
J Ferguson,DAL,TE,122.0,93.0,273.0,11.0,2026-08-18
O Cooper Jr.,NYJ,WR,123.0,84.0,302.0,11.0,2026-08-18
J Lane,BAL,WR,124.0,73.0,299.0,11.0,2026-08-18
J Croskey-Merritt,WAS,RB,125.0,137.0,277.0,10.0,2026-08-18
K Monangai,CHI,RB,126.0,129.0,276.0,10.0,2026-08-18
B Corum,LAR,RB,127.0,129.0,298.0,10.0,2026-08-18
C Godwin,TB,WR,128.0,113.0,317.0,10.0,2026-08-18
R Shaheed,SEA,WR,129.0,106.0,308.0,10.0,2026-08-18
R Stevenson,NE,RB,130.0,162.0,281.0,10.0,2026-08-18
J Mason,MIN,RB,131.0,147.0,288.0,10.0,2026-08-18
M Penix Jr.,ATL,QB,132.0,127.0,608.0,10.0,2026-08-18
J Brooks,CAR,RB,133.0,143.0,275.0,10.0,2026-08-18
K Shakir,BUF,WR,134.0,100.0,300.0,10.0,2026-08-18
C Douglas,MIA,WR,135.0,74.0,295.0,10.0,2026-08-18
I Likely,NYG,TE,136.0,97.0,246.0,10.0,2026-08-18
J McMillan,TB,WR,137.0,100.0,295.0,10.0,2026-08-18
A Williams,WAS,WR,138.0,47.0,299.0,10.0,2026-08-18
M Andrews,BAL,TE,139.0,103.0,240.0,9.0,2026-08-18
G Bernard,PIT,WR,140.0,72.0,292.0,9.0,2026-08-18
R Pearsall,SF,WR,141.0,0.0,330.0,9.0,2026-08-18
J Coker,CAR,WR,142.0,95.0,284.0,9.0,2026-08-18
J Johnson,NO,TE,143.0,93.0,253.0,9.0,2026-08-18
M Mayer,LV,TE,144.0,53.0,243.0,9.0,2026-08-18
T Ferguson,LAR,TE,145.0,77.0,227.0,9.0,2026-08-18
T Pollard,TEN,RB,146.0,151.0,282.0,9.0,2026-08-18
J Noel,HOU,WR,147.0,71.0,284.0,9.0,2026-08-18
B Strange,JAX,TE,148.0,96.0,231.0,8.0,2026-08-18
T Hunter,JAX,WR,149.0,59.0,283.0,8.0,2026-08-18
T Harris,LAC,WR,150.0,73.0,291.0,8.0,2026-08-18
W Robinson,TEN,WR,151.0,102.0,282.0,8.0,2026-08-18
E Arroyo,SEA,TE,152.0,46.0,225.0,8.0,2026-08-18
D Goedert,PHI,TE,153.0,98.0,231.0,8.0,2026-08-18
J Warren,PIT,RB,154.0,148.0,271.0,8.0,2026-08-18
C Hubbard,CAR,RB,155.0,123.0,282.0,8.0,2026-08-18
J Downs,IND,WR,156.0,112.0,266.0,8.0,2026-08-18
Z Charbonnet,SEA,RB,157.0,77.0,292.0,8.0,2026-08-18
R Dowdle,PIT,RB,158.0,148.0,258.0,8.0,2026-08-18
T Kelce,KC,TE,159.0,108.0,239.0,8.0,2026-08-18
E Sarratt,BAL,WR,160.0,51.0,279.0,8.0,2026-08-18
H Henry,NE,TE,161.0,95.0,226.0,7.0,2026-08-18
A Barner,SEA,TE,162.0,77.0,220.0,7.0,2026-08-18
G Helm,TEN,TE,163.0,71.0,218.0,7.0,2026-08-18
C Okonkwo,WAS,TE,164.0,86.0,217.0,7.0,2026-08-18
P Freiermuth,PIT,TE,165.0,81.0,212.0,7.0,2026-08-18
W Marks,HOU,RB,166.0,98.0,253.0,7.0,2026-08-18
T Franklin,DEN,WR,167.0,52.0,271.0,7.0,2026-08-18
C Brazzell II,CAR,WR,168.0,0.0,283.0,7.0,2026-08-18
K Gainwell,TB,RB,169.0,110.0,253.0,6.0,2026-08-18
T Hurst,TB,WR,170.0,47.0,269.0,6.0,2026-08-18
T Tucker,LV,WR,171.0,98.0,266.0,6.0,2026-08-18
D Schultz,HOU,TE,172.0,84.0,217.0,6.0,2026-08-18
R Flournoy,DAL,WR,173.0,71.0,284.0,6.0,2026-08-18
B Allen,NYJ,RB,174.0,61.0,255.0,6.0,2026-08-18
Z Branch,ATL,WR,175.0,70.0,259.0,6.0,2026-08-18
C Bell,MIA,WR,176.0,55.0,263.0,6.0,2026-08-18
K Boutte,NE,WR,177.0,79.0,257.0,6.0,2026-08-18
R Harvey,DEN,RB,178.0,119.0,281.0,6.0,2026-08-18
Z Thomas,CHI,WR,179.0,46.0,262.0,6.0,2026-08-18
T Hockenson,MIN,TE,180.0,84.0,204.0,6.0,2026-08-18
C Otton,TB,TE,181.0,77.0,203.0,6.0,2026-08-18
S Diggs,WAS,WR,182.0,114.0,286.0,6.0,2026-08-18
J Jeudy,CLE,WR,183.0,85.0,279.0,6.0,2026-08-18
T Johnson,NYG,TE,184.0,36.0,213.0,6.0,2026-08-18
J Coleman,DEN,RB,185.0,61.0,246.0,5.0,2026-08-18
M Fields,NYG,WR,186.0,60.0,257.0,5.0,2026-08-18
D Njoku,LAC,TE,187.0,52.0,204.0,5.0,2026-08-18
E Ayomanor,TEN,WR,188.0,48.0,259.0,5.0,2026-08-18
C Allen,KC,WR,189.0,40.0,263.0,5.0,2026-08-18
J Dobbins,DEN,RB,190.0,152.0,220.0,5.0,2026-08-18
A Mitchell,NYJ,WR,191.0,91.0,252.0,5.0,2026-08-18
J Jennings,MIN,WR,192.0,82.0,269.0,5.0,2026-08-18
D Wicks,PHI,WR,193.0,75.0,248.0,5.0,2026-08-18
B Thompson,LAC,WR,194.0,39.0,260.0,5.0,2026-08-18
J Bech,LV,WR,195.0,53.0,260.0,5.0,2026-08-18
T Horton,SEA,WR,196.0,52.0,254.0,5.0,2026-08-18
T Spears,TEN,RB,197.0,108.0,225.0,4.0,2026-08-18
C Rodriguez,JAX,RB,198.0,100.0,231.0,4.0,2026-08-18
E Raridon,NE,TE,199.0,36.0,170.0,4.0,2026-08-18
M Washington,MIA,WR,200.0,61.0,254.0,4.0,2026-08-18
M Klare,LAR,TE,201.0,34.0,182.0,4.0,2026-08-18
B Aiyuk,FA,WR,202.0,66.0,257.0,4.0,2026-08-18
B Lance,NO,WR,203.0,40.0,253.0,4.0,2026-08-18
I TeSlaa,DET,WR,204.0,64.0,238.0,4.0,2026-08-18
G Dulcich,MIA,TE,205.0,67.0,177.0,3.0,2026-08-18
K Coleman,BUF,WR,206.0,64.0,239.0,3.0,2026-08-18
B Brown,NO,WR,207.0,28.0,251.0,3.0,2026-08-18
M Mims Jr.,DEN,WR,208.0,61.0,239.0,3.0,2026-08-18
D Samuel,SF,WR,209.0,115.0,264.0,3.0,2026-08-18
E Engram,DEN,TE,210.0,59.0,183.0,3.0,2026-08-18
M Benson,LV,WR,211.0,48.0,241.0,3.0,2026-08-18
O Delp,NO,TE,212.0,30.0,170.0,3.0,2026-08-18
J Nailor,LV,WR,213.0,87.0,241.0,3.0,2026-08-18
M Gesicki,CIN,TE,214.0,64.0,176.0,2.0,2026-08-18
N Singleton,TEN,RB,215.0,51.0,224.0,2.0,2026-08-18
J Joly,DEN,TE,216.0,27.0,165.0,2.0,2026-08-18
T Allgeier,ARI,RB,217.0,91.0,212.0,2.0,2026-08-18
C Parkinson,LAR,TE,218.0,66.0,164.0,2.0,2026-08-18
T Bigsby,PHI,RB,219.0,54.0,243.0,2.0,2026-08-18
A Jones,MIN,RB,220.0,105.0,214.0,2.0,2026-08-18
B Robinson Jr.,ATL,RB,221.0,88.0,255.0,2.0,2026-08-18
D Washington,PIT,TE,222.0,60.0,160.0,2.0,2026-08-18
T Tracy Jr.,NYG,RB,223.0,91.0,240.0,2.0,2026-08-18
J McCarthy,MIN,QB,224.0,33.0,496.0,2.0,2026-08-18
J Brissett,ARI,QB,225.0,204.0,545.0,2.0,2026-08-18
M Klein,HOU,TE,226.0,20.0,163.0,2.0,2026-08-18
K Black,SF,RB,227.0,44.0,240.0,1.0,2026-08-18
K Allen,WAS,RB,228.0,59.0,204.0,1.0,2026-08-18
M Lloyd,GB,RB,229.0,75.0,215.0,1.0,2026-08-18
M Washington Jr.,LV,RB,230.0,65.0,200.0,1.0,2026-08-18
O Gordon II,MIA,RB,231.0,40.0,214.0,1.0,2026-08-18
J Royals,KC,WR,232.0,34.0,225.0,1.0,2026-08-18
D Douglas,NE,WR,233.0,57.0,226.0,0.0,2026-08-18
T Koziol,JAX,TE,234.0,21.0,144.0,0.0,2026-08-18
C Kolar,LAC,TE,235.0,54.0,138.0,0.0,2026-08-18
N Boerkircher,JAX,TE,236.0,27.0,152.0,0.0,2026-08-18
K Coleman Jr.,MIA,WR,237.0,20.0,226.0,0.0,2026-08-18
I Pacheco,DET,RB,238.0,99.0,187.0,0.0,2026-08-18
R Bateman,BAL,WR,239.0,79.0,229.0,0.0,2026-08-18
C Dike,TEN,WR,240.0,35.0,225.0,0.0,2026-08-18
D Waller,CAR,TE,241.0,63.0,149.0,0.0,2026-08-18
E Johnson,KC,RB,242.0,60.0,211.0,0.0,2026-08-18
J Wright,MIA,RB,243.0,48.0,200.0,0.0,2026-08-18
K Mitchell,LAC,RB,244.0,83.0,210.0,0.0,2026-08-18
S Roush,CHI,TE,245.0,23.0,139.0,0.0,2026-08-18
T Benson,ARI,RB,,,,,2026-08-18
J Lane,WAS,WR,,,,,2026-08-18
M Taylor,NYJ,TE,,,,,2026-08-18
S Bell,BUF,WR,,,,,2026-08-18
R Virgil,ARI,WR,,,,,2026-08-18
